"Tm","Attendance","Attend/G","BatAge","PAge","BPF","PPF","#HOF","#A-S","#a-tA-S","Est. Payroll","Time","Managers","Year","Chall","Succ","Succ%"
"Anaheim Angels","2,066,982","25,518",27.6,28.9,102,102,0,2,12,"$52,664,167","3:05","Scioscia",2000,NA,NA,NA
"Arizona Diamondbacks","2,942,251","36,324",30.8,31.6,104,103,1,2,13,"$81,027,833","2:54","Showalter",2000,NA,NA,NA
"Atlanta Braves","3,234,304","39,930",30.8,31.4,100,99,3,5,19,"$84,737,836","2:54","Cox",2000,NA,NA,NA
"Baltimore Orioles","3,297,031","40,704",32.2,29.1,95,96,3,2,12,"$82,347,435","3:01","Hargrove",2000,NA,NA,NA
"Boston Red Sox","2,585,895","31,925",29.3,30.2,103,103,1,4,15,"$79,975,333","3:02","Williams",2000,NA,NA,NA
"Chicago Cubs","2,789,511","34,438",30.8,28.4,97,98,0,2,10,"$60,539,333","3:00","Baylor",2000,NA,NA,NA
"Chicago White Sox","1,947,799","24,047",27.6,26.5,102,102,2,3,13,"$31,743,500","3:03","Manuel",2000,NA,NA,NA
"Cincinnati Reds","2,577,371","31,431",29.2,28.5,102,102,2,3,13,"$46,867,200","3:00","McKeon",2000,NA,NA,NA
"Cleveland Indians","3,456,278","42,670",30.1,30.2,101,100,2,4,15,"$76,972,271","3:12","Manuel",2000,NA,NA,NA
"Colorado Rockies","3,295,129","40,681",29.2,29.9,125,125,2,3,5,"$61,111,190","3:01","Bell",2000,NA,NA,NA
"Detroit Tigers","2,438,617","30,106",29.1,29.2,94,95,0,1,9,"$59,645,167","3:01","Garner",2000,NA,NA,NA
"Florida Marlins","1,218,326","15,041",26.1,26.7,94,95,0,1,12,"$20,347,000","2:59","Boles",2000,NA,NA,NA
"Houston Astros","3,056,139","37,730",29.1,28,107,107,3,1,10,"$51,289,111","3:02","Dierker",2000,NA,NA,NA
"Kansas City Royals","1,564,847","19,319",27.6,25.8,103,103,0,2,6,"$24,903,000","3:01","Muser",2000,NA,NA,NA
"Los Angeles Dodgers","2,880,242","35,559",29.6,29.5,94,93,1,2,14,"$88,124,286","3:03","Johnson",2000,NA,NA,NA
"Milwaukee Brewers","1,573,621","19,427",28.8,27.4,97,98,0,1,9,"$37,305,333","3:04","Lopes",2000,NA,NA,NA
"Minnesota Twins","1,000,760","12,355",26.5,26.6,104,105,1,1,12,"$17,529,500","2:59","Kelly",2000,NA,NA,NA
"Montreal Expos","926,272","11,435",26.2,26.1,103,104,1,2,7,"$32,994,333","2:51","Alou",2000,NA,NA,NA
"New York Mets","2,820,530","34,821",30.4,31,96,96,2,3,12,"$79,509,776","3:04","Valentine",2000,NA,NA,NA
"New York Yankees","3,055,435","38,193",31.4,32,99,98,2,4,23,"$93,113,260","3:09","Torre",2000,NA,NA,NA
"Oakland Athletics","1,603,744","19,799",27.3,29.5,96,95,0,3,12,"$33,172,333","3:08","Howe",2000,NA,NA,NA
"Philadelphia Phillies","1,612,769","19,911",28.5,28.7,100,101,1,1,13,"$47,513,000","2:59","Francona",2000,NA,NA,NA
"Pittsburgh Pirates","1,748,908","21,591",28.3,27.1,99,100,0,2,7,"$31,328,334","2:57","Lamont",2000,NA,NA,NA
"San Diego Padres","2,352,443","29,043",28.6,27.5,92,92,2,1,9,"$55,021,000","2:57","Bochy",2000,NA,NA,NA
"Seattle Mariners","2,914,624","35,983",31.4,29.3,94,93,2,3,16,"$60,495,000","3:08","Piniella",2000,NA,NA,NA
"San Francisco Giants","3,318,800","40,973",29.9,28.5,93,92,0,2,10,"$53,737,826","3:01","Baker",2000,NA,NA,NA
"St. Louis Cardinals","3,336,493","41,191",29.7,29.3,101,101,0,4,16,"$61,653,863","3:01","La Russa",2000,NA,NA,NA
"Tampa Bay Devil Rays","1,449,673","18,121",30.1,29.3,98,100,1,1,10,"$63,265,129","2:58","Rothschild",2000,NA,NA,NA
"Texas Rangers","2,588,401","31,956",29.5,28.7,101,102,1,1,11,"$70,795,921","3:06","Oates",2000,NA,NA,NA
"Toronto Blue Jays","1,705,712","21,058",28.1,28.9,103,103,1,3,12,"$46,038,332","3:00","Fregosi",2000,NA,NA,NA
"Anaheim Angels","2,000,919","24,703",27.9,28.9,101,100,0,2,7,"$47,735,167","2:57","Scioscia",2001,NA,NA,NA
"Arizona Diamondbacks","2,736,451","33,783",31.9,30.9,108,107,1,3,14,"$85,082,999","2:58","Brenly",2001,NA,NA,NA
"Atlanta Braves","2,823,530","34,858",30.3,31.1,103,102,4,2,17,"$91,936,166","2:53","Cox",2001,NA,NA,NA
"Baltimore Orioles","3,094,841","38,686",30.2,27.6,95,96,2,1,10,"$74,279,540","2:59","Hargrove",2001,NA,NA,NA
"Boston Red Sox","2,625,333","32,412",30,30.9,101,100,1,1,16,"$110,035,833","3:04","Williams and Kerrigan",2001,NA,NA,NA
"Chicago Cubs","2,779,465","34,314",30.7,29.8,95,95,1,2,13,"$64,715,833","2:56","Baylor",2001,NA,NA,NA
"Chicago White Sox","1,766,172","21,805",28.5,26.2,104,103,2,1,16,"$65,653,667","2:57","Manuel",2001,NA,NA,NA
"Cincinnati Reds","1,879,757","23,207",28,27.4,105,105,2,1,11,"$48,986,000","2:58","Boone",2001,NA,NA,NA
"Cleveland Indians","3,175,523","39,694",31.1,29.1,100,100,3,2,17,"$93,360,001","3:06","Manuel",2001,NA,NA,NA
"Colorado Rockies","3,166,821","39,097",28.3,28.7,122,122,2,3,7,"$71,541,334","3:02","Bell",2001,NA,NA,NA
"Detroit Tigers","1,921,305","23,720",28.3,28.3,93,95,0,1,8,"$53,416,167","2:52","Garner",2001,NA,NA,NA
"Florida Marlins","1,261,226","15,765",27.3,26.5,96,97,0,2,14,"$35,762,500","2:53","Boles and Pérez",2001,NA,NA,NA
"Houston Astros","2,904,277","35,855",30.3,28.4,106,106,3,3,12,"$60,612,667","2:58","Dierker",2001,NA,NA,NA
"Kansas City Royals","1,536,371","18,968",28.2,27.3,106,107,0,1,8,"$35,422,500","2:53","Muser",2001,NA,NA,NA
"Los Angeles Dodgers","3,017,143","37,249",30.2,30.5,92,91,1,2,15,"$109,105,953","3:00","Tracy",2001,NA,NA,NA
"Milwaukee Brewers","2,811,041","34,704",29.4,27.3,97,98,0,1,10,"$43,886,833","2:55","Lopes",2001,NA,NA,NA
"Minnesota Twins","1,782,929","22,011",26.2,27.4,101,101,1,3,15,"$24,130,000","2:56","Kelly",2001,NA,NA,NA
"Montreal Expos","642,745","7,935",27.6,27.4,101,102,2,1,7,"$35,159,500","2:51","Alou and Torborg",2001,NA,NA,NA
"New York Mets","2,658,330","32,819",30.4,31.1,95,95,1,2,10,"$93,174,428","3:02","Valentine",2001,NA,NA,NA
"New York Yankees","3,264,907","40,811",31.3,30.9,101,100,3,7,17,"$112,787,143","3:09","Torre",2001,NA,NA,NA
"Oakland Athletics","2,133,277","26,337",27.3,28,98,97,0,1,11,"$33,810,750","3:03","Howe",2001,NA,NA,NA
"Philadelphia Phillies","1,782,054","22,001",26.9,28.9,97,97,1,1,10,"$41,663,833","2:55","Bowa",2001,NA,NA,NA
"Pittsburgh Pirates","2,464,870","30,430",27.8,28.1,103,104,0,1,11,"$57,760,833","2:48","McClendon",2001,NA,NA,NA
"San Diego Padres","2,378,128","29,360",28.9,28.7,91,91,3,2,8,"$39,182,833","2:59","Bochy",2001,NA,NA,NA
"Seattle Mariners","3,507,326","43,300",31.4,30.8,94,92,2,8,19,"$74,720,834","3:03","Piniella",2001,NA,NA,NA
"San Francisco Giants","3,311,958","40,888",31.5,29.2,93,91,0,3,13,"$63,280,167","3:06","Baker",2001,NA,NA,NA
"St. Louis Cardinals","3,109,578","37,922",28.8,29.3,100,99,0,2,13,"$79,373,333","2:57","La Russa",2001,NA,NA,NA
"Tampa Bay Devil Rays","1,298,365","16,029",28.1,26.9,97,99,1,1,6,"$56,980,000","2:52","Rothschild and McRae",2001,NA,NA,NA
"Texas Rangers","2,831,021","34,525",29.9,28.5,104,104,1,2,15,"$88,633,500","3:04","Oates and Narron",2001,NA,NA,NA
"Toronto Blue Jays","1,915,438","23,359",28.2,28.5,102,102,1,1,13,"$76,895,999","2:59","Martinez",2001,NA,NA,NA
"Anaheim Angels","2,305,547","28,464",28.3,30.2,100,99,0,1,11,"$61,721,667","2:59","Scioscia",2002,NA,NA,NA
"Arizona Diamondbacks","3,198,977","39,494",31.7,31.7,111,110,1,6,14,"$102,819,999","2:59","Brenly",2002,NA,NA,NA
"Atlanta Braves","2,603,484","32,142",30.6,31.1,102,101,4,4,15,"$93,470,367","2:58","Cox",2002,NA,NA,NA
"Baltimore Orioles","2,682,439","33,117",29.2,27.8,95,96,0,1,8,"$64,493,487","2:55","Hargrove",2002,NA,NA,NA
"Boston Red Sox","2,650,862","32,727",29.9,31.1,103,102,2,7,17,"$108,366,060","2:53","Little",2002,NA,NA,NA
"Chicago Cubs","2,693,096","33,248",30.2,27.6,98,98,1,1,12,"$75,690,833","2:57","Baylor, Lachemann and Kimm",2002,NA,NA,NA
"Chicago White Sox","1,676,911","20,703",28.9,25.8,101,101,1,2,13,"$57,052,833","2:49","Manuel",2002,NA,NA,NA
"Cincinnati Reds","1,855,787","22,911",27.7,28.7,104,104,2,1,10,"$45,050,390","2:58","Boone",2002,NA,NA,NA
"Cleveland Indians","2,616,940","32,308",30.4,28.1,97,98,2,1,20,"$78,909,449","2:53","Manuel and Skinner",2002,NA,NA,NA
"Colorado Rockies","2,737,838","33,800",28.7,28.5,115,116,2,1,9,"$56,851,043","2:59","Bell and Hurdle",2002,NA,NA,NA
"Detroit Tigers","1,503,623","18,795",28.1,28.3,92,95,0,1,10,"$55,048,000","2:45","Garner and Pujols",2002,NA,NA,NA
"Florida Marlins","813,118","10,038",28.4,26.1,97,97,1,2,13,"$41,979,917","3:00","Torborg",2002,NA,NA,NA
"Houston Astros","2,517,357","31,078",30.1,27.3,106,105,3,1,11,"$63,448,417","2:55","Williams",2002,NA,NA,NA
"Kansas City Royals","1,323,036","16,334",29.3,27.8,110,111,0,1,7,"$47,257,000","2:54","Muser, Mizerock and Peña",2002,NA,NA,NA
"Los Angeles Dodgers","3,131,255","38,657",30,31,92,92,1,3,15,"$94,850,953","2:55","Tracy",2002,NA,NA,NA
"Milwaukee Brewers","1,969,153","24,311",29.9,26.8,98,99,0,2,8,"$50,287,833","2:51","Lopes and Royster",2002,NA,NA,NA
"Minnesota Twins","1,924,473","23,759",26.6,28.8,100,100,1,3,11,"$40,425,000","2:54","Gardenhire",2002,NA,NA,NA
"Montreal Expos","812,045","10,025",28.2,27.7,103,103,1,2,9,"$38,670,500","2:55","Robinson",2002,NA,NA,NA
"New York Mets","2,804,838","34,628",30.6,30.3,96,97,2,1,11,"$94,633,593","3:01","Valentine",2002,NA,NA,NA
"New York Yankees","3,465,807","43,323",30,33.1,100,99,3,6,16,"$125,928,583","3:09","Torre",2002,NA,NA,NA
"Oakland Athletics","2,169,811","26,788",28.6,27.4,98,97,0,2,10,"$40,004,167","3:01","Howe",2002,NA,NA,NA
"Philadelphia Phillies","1,618,467","20,231",27.5,28.5,94,94,1,3,13,"$57,954,999","3:01","Bowa",2002,NA,NA,NA
"Pittsburgh Pirates","1,784,988","22,312",27.9,28.1,102,103,0,1,6,"$42,323,599","2:49","McClendon",2002,NA,NA,NA
"San Diego Padres","2,220,601","27,415",29.1,27.8,90,91,1,1,7,"$41,425,000","2:53","Bochy",2002,NA,NA,NA
"Seattle Mariners","3,542,938","43,740",31.2,30.2,97,95,2,3,20,"$80,282,668","2:58","Piniella",2002,NA,NA,NA
"San Francisco Giants","3,253,203","40,163",32.1,29.2,95,94,0,3,12,"$78,299,835","3:02","Baker",2002,NA,NA,NA
"St. Louis Cardinals","3,011,756","37,182",28.9,30.2,98,97,1,1,14,"$74,660,875","2:56","La Russa",2002,NA,NA,NA
"Tampa Bay Devil Rays","1,065,742","13,157",27.1,26.9,97,99,0,1,6,"$34,380,000","2:51","McRae",2002,NA,NA,NA
"Texas Rangers","2,352,397","29,042",29,29.7,106,106,1,1,12,"$105,726,122","3:05","Narron",2002,NA,NA,NA
"Toronto Blue Jays","1,637,900","20,221",27.2,27.4,104,103,1,1,11,"$76,864,333","2:55","Martinez and Tosca",2002,NA,NA,NA
"Anaheim Angels","3,061,094","37,330",29.1,29,98,97,0,3,12,"$79,031,667","2:47","Scioscia",2003,NA,NA,NA
"Arizona Diamondbacks","2,805,542","34,636",30.6,29.2,108,109,1,1,17,"$80,657,000","2:52","Brenly",2003,NA,NA,NA
"Atlanta Braves","2,401,084","29,643",30.3,31.1,101,100,3,7,17,"$106,243,667","2:54","Cox",2003,NA,NA,NA
"Baltimore Orioles","2,454,523","30,303",29.3,29.2,99,99,0,1,8,"$73,877,500","2:50","Hargrove",2003,NA,NA,NA
"Boston Red Sox","2,724,165","33,632",29.7,31.2,105,103,2,3,15,"$99,946,500","2:57","Little",2003,NA,NA,NA
"Chicago Cubs","2,962,630","36,576",31.3,28.2,101,101,0,2,14,"$79,868,333","2:51","Baker",2003,NA,NA,NA
"Chicago White Sox","1,939,524","23,945",29.4,27.9,102,102,2,3,14,"$51,010,000","2:44","Manuel",2003,NA,NA,NA
"Cincinnati Reds","2,355,259","29,077",27.3,28,95,96,2,1,9,"$59,355,667","2:50","Boone, Knight and Miley",2003,NA,NA,NA
"Cleveland Indians","1,730,002","21,358",27.1,26.3,96,97,1,1,14,"$48,584,834","2:43","Wedge",2003,NA,NA,NA
"Colorado Rockies","2,334,085","28,816",29.5,28,115,116,2,3,13,"$67,179,667","2:49","Hurdle",2003,NA,NA,NA
"Detroit Tigers","1,368,245","16,892",27.3,25.3,93,95,0,1,7,"$49,168,000","2:39","Trammell",2003,NA,NA,NA
"Florida Marlins","1,303,215","16,089",27.7,26.3,98,98,1,3,14,"$49,450,000","2:50","Torborg and McKeon",2003,NA,NA,NA
"Houston Astros","2,454,241","30,299",31.1,27.6,103,102,3,1,9,"$71,040,000","2:50","Williams",2003,NA,NA,NA
"Kansas City Royals","1,779,895","22,249",29.2,28,107,108,0,2,8,"$40,518,000","2:46","Peña",2003,NA,NA,NA
"Los Angeles Dodgers","3,138,626","38,748",29.9,31.2,94,94,3,3,19,"$105,872,620","2:46","Tracy",2003,NA,NA,NA
"Milwaukee Brewers","1,700,354","20,992",29.8,27.6,98,100,0,2,9,"$40,627,000","2:50","Yost",2003,NA,NA,NA
"Minnesota Twins","1,946,011","24,025",27.2,29.7,101,100,0,1,15,"$55,505,000","2:47","Gardenhire",2003,NA,NA,NA
"Montreal Expos","1,025,639","12,662",27.7,26.7,105,105,1,1,6,"$51,948,500","2:49","Robinson",2003,NA,NA,NA
"New York Mets","2,140,599","26,757",29.3,31.6,97,98,3,1,17,"$117,176,429","2:52","Howe",2003,NA,NA,NA
"New York Yankees","3,465,600","42,263",30.4,33.7,98,97,3,5,19,"$152,749,814","3:00","Torre",2003,NA,NA,NA
"Oakland Athletics","2,216,596","27,365",28.3,27.4,99,98,0,4,10,"$50,260,834","2:46","Macha",2003,NA,NA,NA
"Philadelphia Phillies","2,259,948","27,901",28.3,29,93,93,1,1,13,"$70,780,000","2:58","Bowa",2003,NA,NA,NA
"Pittsburgh Pirates","1,636,751","20,207",29.7,28.3,102,102,0,1,10,"$54,812,429","2:49","McClendon",2003,NA,NA,NA
"San Diego Padres","2,030,084","25,063",28.5,27.8,91,92,1,1,13,"$45,210,000","2:53","Bochy",2003,NA,NA,NA
"Seattle Mariners","3,268,509","40,352",32,29.8,95,95,2,5,20,"$86,959,167","2:48","Melvin",2003,NA,NA,NA
"San Francisco Giants","3,264,898","40,307",32.1,28.6,99,98,0,2,12,"$82,852,167","2:52","Alou",2003,NA,NA,NA
"St. Louis Cardinals","2,910,386","35,931",29.9,31.2,97,96,1,5,12,"$83,786,666","2:54","La Russa",2003,NA,NA,NA
"Tampa Bay Devil Rays","1,058,695","13,070",26.3,26.4,95,97,0,1,4,"$19,630,000","2:45","Piniella",2003,NA,NA,NA
"Texas Rangers","2,094,394","25,857",28.4,28.1,111,111,0,2,13,"$103,491,667","2:54","Showalter",2003,NA,NA,NA
"Toronto Blue Jays","1,799,458","22,216",28.4,29,104,104,1,3,6,"$51,269,000","2:51","Tosca",2003,NA,NA,NA
"Anaheim Angels","3,375,677","41,675",28.9,29,97,96,1,2,15,"$100,534,667","2:52","Scioscia",2004,NA,NA,NA
"Arizona Diamondbacks","2,519,560","31,106",28.9,29.3,105,106,2,1,10,"$69,780,750","2:46","Brenly and Pedrique",2004,NA,NA,NA
"Atlanta Braves","2,327,565","28,735",28.9,30.1,101,99,2,1,11,"$90,182,500","2:50","Cox",2004,NA,NA,NA
"Baltimore Orioles","2,744,018","33,877",30.5,27.4,98,98,0,1,8,"$51,623,333","3:00","Mazzilli",2004,NA,NA,NA
"Boston Red Sox","2,837,294","35,028",30.4,32.5,106,104,2,3,15,"$127,298,500","2:59","Francona",2004,NA,NA,NA
"Chicago Cubs","3,170,154","38,660",30.1,29.1,102,102,1,3,14,"$90,560,000","2:49","Baker",2004,NA,NA,NA
"Chicago White Sox","1,930,537","23,834",28.6,28.2,102,101,2,1,15,"$65,212,500","2:41","Guillén",2004,NA,NA,NA
"Cincinnati Reds","2,287,250","28,238",28.4,28.5,97,98,2,4,7,"$46,915,250","2:53","Miley",2004,NA,NA,NA
"Cleveland Indians","1,814,401","22,400",28.6,27.3,94,94,1,5,12,"$34,319,300","2:55","Wedge",2004,NA,NA,NA
"Colorado Rockies","2,338,069","28,865",30.4,28.8,113,114,2,1,13,"$65,445,167","2:51","Hurdle",2004,NA,NA,NA
"Detroit Tigers","1,917,004","23,667",28.1,27.5,94,96,1,2,10,"$46,832,000","2:46","Trammell",2004,NA,NA,NA
"Florida Marlins","1,723,105","21,539",28.8,27.8,95,95,0,4,14,"$42,143,042","2:45","McKeon",2004,NA,NA,NA
"Houston Astros","3,087,872","38,122",31.7,29.6,101,100,2,4,11,"$75,397,000","2:52","Williams and Garner",2004,NA,NA,NA
"Kansas City Royals","1,661,478","20,768",29,27.4,101,103,0,1,10,"$47,609,000","2:47","Peña",2004,NA,NA,NA
"Los Angeles Dodgers","3,488,283","43,065",28.9,29.5,95,95,1,2,16,"$92,902,001","2:51","Tracy",2004,NA,NA,NA
"Milwaukee Brewers","2,062,382","25,462",28.5,27.2,100,101,0,2,7,"$27,528,500","2:55","Yost",2004,NA,NA,NA
"Minnesota Twins","1,911,490","23,599",27.8,28.2,102,102,1,1,13,"$53,890,000","2:48","Gardenhire",2004,NA,NA,NA
"Montreal Expos","749,550","9,369",27.5,26.5,104,105,0,1,5,"$41,197,500","2:51","Robinson",2004,NA,NA,NA
"New York Mets","2,318,951","28,629",29.8,32.5,98,99,2,2,14,"$102,035,970","2:59","Howe",2004,NA,NA,NA
"New York Yankees","3,775,292","46,609",32.3,32.9,98,97,3,8,21,"$184,193,950","2:59","Torre",2004,NA,NA,NA
"Oakland Athletics","2,201,516","27,179",29.6,28.4,99,98,0,2,10,"$59,425,667","2:54","Macha",2004,NA,NA,NA
"Philadelphia Phillies","3,250,092","40,125",29.3,29.8,105,104,2,2,15,"$93,219,167","2:59","Bowa and Varsho",2004,NA,NA,NA
"Pittsburgh Pirates","1,580,031","19,750",27.2,27.7,99,99,0,1,9,"$32,227,929","2:48","McClendon",2004,NA,NA,NA
"San Diego Padres","3,016,752","37,244",29.6,30,90,90,1,1,13,"$55,384,833","2:46","Bochy",2004,NA,NA,NA
"Seattle Mariners","2,940,731","35,863",31.6,30.4,97,97,2,1,19,"$81,515,834","2:55","Melvin",2004,NA,NA,NA
"San Francisco Giants","3,256,854","39,718",31.6,30.1,101,101,0,2,8,"$82,019,166","2:55","Alou",2004,NA,NA,NA
"St. Louis Cardinals","3,048,427","37,635",30.6,30.1,99,98,2,3,15,"$84,340,333","2:52","La Russa",2004,NA,NA,NA
"Tampa Bay Devil Rays","1,274,911","15,936",28.1,27.5,96,97,1,1,8,"$29,856,667","2:46","Piniella",2004,NA,NA,NA
"Texas Rangers","2,513,685","31,033",27.7,30.6,108,108,0,5,14,"$55,050,417","2:51","Showalter",2004,NA,NA,NA
"Toronto Blue Jays","1,900,041","23,457",28,28.6,104,104,1,1,8,"$50,017,000","2:45","Tosca and Gibbons",2004,NA,NA,NA
"Arizona Diamondbacks","2,059,424","25,425",30.3,27.4,103,104,0,1,10,"$62,629,166","2:56","Melvin",2005,NA,NA,NA
"Atlanta Braves","2,521,167","31,126",28.1,28.6,101,100,2,2,13,"$86,457,302","2:46","Cox",2005,NA,NA,NA
"Baltimore Orioles","2,624,740","32,404",31.5,28.3,99,99,0,4,9,"$73,914,333","2:53","Mazzilli and Perlozzo",2005,NA,NA,NA
"Boston Red Sox","2,847,888","35,159",31.3,33.6,104,104,1,5,17,"$123,505,125","3:01","Francona",2005,NA,NA,NA
"Chicago Cubs","3,099,992","38,272",29.7,28.2,104,104,1,2,13,"$87,032,933","2:45","Baker",2005,NA,NA,NA
"Chicago White Sox","2,342,833","28,924",29.3,29.3,103,103,1,4,13,"$75,178,000","2:49","Guillén",2005,NA,NA,NA
"Cincinnati Reds","1,943,067","23,696",28.6,28.9,100,101,1,1,8,"$61,892,583","2:53","Miley and Narron",2005,NA,NA,NA
"Cleveland Indians","2,013,763","24,861",27.5,29.2,96,96,1,1,14,"$41,502,500","2:51","Wedge",2005,NA,NA,NA
"Colorado Rockies","1,914,389","23,634",27.2,27.3,112,113,1,1,8,"$47,839,000","2:48","Hurdle",2005,NA,NA,NA
"Detroit Tigers","2,024,431","24,993",28.5,28,97,97,1,1,15,"$69,092,000","2:44","Trammell",2005,NA,NA,NA
"Florida Marlins","1,852,608","22,872",29.7,29.5,94,94,0,4,16,"$60,408,834","2:49","McKeon",2005,NA,NA,NA
"Houston Astros","2,804,760","34,627",30.3,30.3,101,100,2,4,10,"$76,779,000","2:43","Garner",2005,NA,NA,NA
"Kansas City Royals","1,371,181","16,928",28.1,25.7,99,101,0,1,6,"$36,881,000","2:48","Peña, Schaefer and Bell",2005,NA,NA,NA
"Los Angeles Angels of Anaheim","3,404,686","42,033",29.8,28.5,98,97,1,3,12,"$94,867,822","2:50","Scioscia",2005,NA,NA,NA
"Los Angeles Dodgers","3,603,646","44,489",28.7,28.5,98,97,0,2,14,"$83,039,000","2:50","Tracy",2005,NA,NA,NA
"Milwaukee Brewers","2,211,023","27,297",28.4,28,100,101,0,1,14,"$39,934,833","2:53","Yost",2005,NA,NA,NA
"Minnesota Twins","2,034,243","25,114",27.6,27.9,102,102,1,2,13,"$56,186,000","2:43","Gardenhire",2005,NA,NA,NA
"New York Mets","2,829,929","34,937",28.8,31.9,97,97,3,3,13,"$101,305,821","2:50","Randolph",2005,NA,NA,NA
"New York Yankees","4,090,696","50,502",32.4,34.2,98,97,4,3,23,"$208,306,817","3:02","Torre",2005,NA,NA,NA
"Oakland Athletics","2,109,118","26,038",28.6,26.6,100,100,0,1,7,"$55,425,762","2:45","Macha",2005,NA,NA,NA
"Philadelphia Phillies","2,665,304","32,905",30,29.7,105,104,2,3,16,"$95,522,000","2:51","Manuel",2005,NA,NA,NA
"Pittsburgh Pirates","1,817,245","22,435",27.4,28.7,99,99,0,1,13,"$38,133,000","2:46","McClendon and Mackanin",2005,NA,NA,NA
"San Diego Padres","2,869,787","35,429",31.1,31,91,91,1,1,12,"$63,290,833","2:47","Bochy",2005,NA,NA,NA
"Seattle Mariners","2,725,459","33,648",28.7,31.4,95,96,2,1,21,"$87,754,334","2:47","Hargrove",2005,NA,NA,NA
"San Francisco Giants","3,181,023","39,272",32.2,30,101,101,0,1,11,"$90,199,500","2:46","Alou",2005,NA,NA,NA
"St. Louis Cardinals","3,538,988","43,691",30.8,29.7,101,100,2,6,14,"$92,106,833","2:48","La Russa",2005,NA,NA,NA
"Tampa Bay Devil Rays","1,141,669","14,095",27.5,27.4,98,100,0,1,6,"$29,679,067","2:48","Piniella",2005,NA,NA,NA
"Texas Rangers","2,525,221","31,176",27.9,30.5,106,105,0,4,17,"$55,849,000","2:52","Showalter",2005,NA,NA,NA
"Toronto Blue Jays","2,014,995","24,876",28,28.2,102,102,1,2,8,"$45,719,500","2:46","Gibbons",2005,NA,NA,NA
"Washington Nationals","2,731,993","33,728",29.3,28.9,95,96,0,2,14,"$48,581,500","2:55","Robinson",2005,NA,NA,NA
"Arizona Diamondbacks","2,091,685","25,823",29.7,28.8,105,105,0,1,14,"$59,984,226","2:52","Melvin",2006,NA,NA,NA
"Atlanta Braves","2,550,524","31,488",27.5,29.4,100,99,2,3,12,"$90,156,876","2:50","Cox",2006,NA,NA,NA
"Baltimore Orioles","2,153,139","26,582",30.4,27.9,99,99,0,1,9,"$72,585,582","2:53","Perlozzo",2006,NA,NA,NA
"Boston Red Sox","2,930,588","36,180",30.5,31.1,105,104,1,4,18,"$120,099,824","3:08","Francona",2006,NA,NA,NA
"Chicago Cubs","3,123,215","38,558",28.6,28,103,103,1,1,13,"$94,424,499","2:50","Baker",2006,NA,NA,NA
"Chicago White Sox","2,957,414","36,511",29.8,27.9,104,104,1,7,16,"$102,750,667","2:49","Guillén",2006,NA,NA,NA
"Cincinnati Reds","2,134,607","26,353",29.6,29.5,104,104,1,1,13,"$60,909,519","2:50","Narron",2006,NA,NA,NA
"Cleveland Indians","1,997,995","24,667",27.7,28.6,99,98,1,1,14,"$56,031,500","2:54","Wedge",2006,NA,NA,NA
"Colorado Rockies","2,104,362","25,980",27.8,28.8,109,109,1,2,10,"$41,233,000","2:51","Hurdle",2006,NA,NA,NA
"Detroit Tigers","2,595,937","32,049",29.3,28.8,100,99,1,3,15,"$82,612,866","2:46","Leyland",2006,NA,NA,NA
"Florida Marlins","1,164,134","14,372",25.5,25.9,95,96,0,2,6,"$14,671,500","2:51","Girardi",2006,NA,NA,NA
"Houston Astros","3,022,763","37,318",30.5,29.8,100,99,1,2,9,"$100,894,435","2:54","Garner",2006,NA,NA,NA
"Kansas City Royals","1,372,638","16,946",29.7,27.7,101,103,0,1,9,"$47,694,000","2:56","Bell",2006,NA,NA,NA
"Los Angeles Angels of Anaheim","3,406,790","42,059",28.8,27.9,100,99,1,1,15,"$103,472,000","2:48","Scioscia",2006,NA,NA,NA
"Los Angeles Dodgers","3,758,545","46,402",29.9,30.4,101,100,1,2,23,"$98,447,187","2:53","Little",2006,NA,NA,NA
"Milwaukee Brewers","2,335,643","28,835",28.8,28.3,101,101,0,3,13,"$57,970,333","2:52","Yost",2006,NA,NA,NA
"Minnesota Twins","2,285,018","28,210",28.3,26.9,98,98,1,3,17,"$63,396,006","2:46","Gardenhire",2006,NA,NA,NA
"New York Mets","3,379,535","41,723",30.2,32.2,98,97,3,6,15,"$101,584,963","2:54","Randolph",2006,NA,NA,NA
"New York Yankees","4,248,067","52,445",30.9,32.5,101,99,4,4,15,"$194,663,079","3:08","Torre",2006,NA,NA,NA
"Oakland Athletics","1,976,625","24,403",29.7,27,97,97,1,1,10,"$64,843,079","2:47","Macha",2006,NA,NA,NA
"Philadelphia Phillies","2,701,815","33,356",29.3,30.5,105,104,0,3,18,"$88,273,333","2:56","Manuel",2006,NA,NA,NA
"Pittsburgh Pirates","1,861,549","22,982",27.8,27,98,99,0,2,13,"$46,717,750","2:48","Tracy",2006,NA,NA,NA
"San Diego Padres","2,659,757","32,837",30.7,30.6,91,90,2,1,14,"$69,896,141","2:50","Bochy",2006,NA,NA,NA
"Seattle Mariners","2,481,165","30,632",28.7,28,97,97,2,2,16,"$87,959,833","2:47","Hargrove",2006,NA,NA,NA
"San Francisco Giants","3,130,313","38,646",33.7,28.7,100,100,0,1,14,"$90,056,419","2:46","Alou",2006,NA,NA,NA
"St. Louis Cardinals","3,407,104","42,589",29.6,28.6,99,99,1,4,12,"$88,891,371","2:51","La Russa",2006,NA,NA,NA
"Tampa Bay Devil Rays","1,368,950","16,901",27.3,27,99,100,0,1,7,"$34,917,967","2:48","Maddon",2006,NA,NA,NA
"Texas Rangers","2,388,757","29,491",28.4,28.3,101,101,0,2,15,"$68,228,662","2:49","Showalter",2006,NA,NA,NA
"Toronto Blue Jays","2,302,212","28,422",28.6,28.1,100,100,1,5,11,"$71,365,000","2:52","Gibbons",2006,NA,NA,NA
"Washington Nationals","2,153,056","26,581",28.5,28.9,94,95,0,1,10,"$63,143,000","2:57","Robinson",2006,NA,NA,NA
"Arizona Diamondbacks","2,325,249","28,707",26.6,28.2,107,107,1,3,13,"$52,067,546","2:53","Melvin",2007,NA,NA,NA
"Atlanta Braves","2,745,207","33,891",27.7,29.4,98,98,2,2,12,"$87,290,833","2:53","Cox",2007,NA,NA,NA
"Baltimore Orioles","2,164,822","26,726",30.4,29,101,102,0,1,9,"$93,174,808","2:59","Perlozzo and Trembley",2007,NA,NA,NA
"Boston Red Sox","2,970,755","36,676",30.1,31.1,106,105,1,6,19,"$143,026,214","3:09","Francona",2007,NA,NA,NA
"Chicago Cubs","3,252,462","40,154",29.3,28.4,105,104,0,2,14,"$101,670,332","2:50","Piniella",2007,NA,NA,NA
"Chicago White Sox","2,684,395","33,141",29.8,27.7,104,104,1,1,14,"$108,671,833","2:53","Guillén",2007,NA,NA,NA
"Cincinnati Reds","2,058,593","25,415",29.7,29.1,104,104,1,1,12,"$68,524,980","2:52","Narron and Mackanin",2007,NA,NA,NA
"Cleveland Indians","2,275,912","28,449",28,29.4,101,100,1,3,13,"$61,673,267","3:02","Wedge",2007,NA,NA,NA
"Colorado Rockies","2,376,250","28,979",27.9,28.1,107,108,1,2,10,"$54,041,000","2:56","Hurdle",2007,NA,NA,NA
"Detroit Tigers","3,047,133","37,619",30.9,28.5,102,101,1,5,17,"$95,180,369","3:00","Leyland",2007,NA,NA,NA
"Florida Marlins","1,370,511","16,920",26.7,26.2,97,98,0,1,8,"$30,507,000","2:57","González",2007,NA,NA,NA
"Houston Astros","3,020,405","37,289",31.4,30.2,100,100,1,2,11,"$87,759,000","2:55","Garner and Cooper",2007,NA,NA,NA
"Kansas City Royals","1,616,867","19,961",28,27.1,100,101,0,1,10,"$67,691,500","2:57","Bell",2007,NA,NA,NA
"Los Angeles Angels of Anaheim","3,365,632","41,551",28.6,28.4,101,100,1,3,14,"$109,251,333","2:51","Scioscia",2007,NA,NA,NA
"Los Angeles Dodgers","3,857,036","47,618",29.7,31.1,101,100,0,3,20,"$108,454,524","2:54","Little",2007,NA,NA,NA
"Milwaukee Brewers","2,869,144","35,422",27.7,29.1,100,100,0,4,14,"$70,986,500","2:53","Yost",2007,NA,NA,NA
"Minnesota Twins","2,296,383","28,350",28.4,27.4,95,95,1,3,13,"$71,439,500","2:48","Gardenhire",2007,NA,NA,NA
"New York Mets","3,853,955","47,580",30.7,31.3,98,97,3,4,19,"$116,181,663","2:57","Randolph",2007,NA,NA,NA
"New York Yankees","4,271,083","52,729",30.8,31.4,101,100,3,3,16,"$207,039,045","3:14","Torre",2007,NA,NA,NA
"Oakland Athletics","1,921,844","23,726",28.9,26.9,94,94,1,1,10,"$79,366,940","2:53","Geren",2007,NA,NA,NA
"Philadelphia Phillies","3,108,325","38,374",28.8,30.6,104,103,0,3,15,"$89,428,213","3:03","Manuel",2007,NA,NA,NA
"Pittsburgh Pirates","1,749,142","21,594",27.2,27.1,97,98,0,1,11,"$38,537,833","2:47","Tracy",2007,NA,NA,NA
"San Diego Padres","2,790,074","34,445",29.9,31.5,90,90,2,3,12,"$58,110,567","2:48","Black",2007,NA,NA,NA
"Seattle Mariners","2,672,223","32,588",29.9,28.1,96,97,2,2,10,"$106,460,833","2:49","Hargrove and McLaren",2007,NA,NA,NA
"San Francisco Giants","3,223,215","39,793",32.7,27.3,101,101,0,1,14,"$90,219,056","2:50","Bochy",2007,NA,NA,NA
"St. Louis Cardinals","3,552,180","43,854",30.2,29.6,99,99,1,1,13,"$90,286,823","2:54","La Russa",2007,NA,NA,NA
"Tampa Bay Devil Rays","1,387,603","17,131",25.9,27,98,100,0,1,9,"$24,623,500","3:00","Maddon",2007,NA,NA,NA
"Texas Rangers","2,353,862","29,060",29.4,27.7,101,101,0,1,13,"$68,643,675","2:59","Washington",2007,NA,NA,NA
"Toronto Blue Jays","2,360,644","29,144",30.5,27.3,100,99,2,1,10,"$81,942,800","2:52","Gibbons",2007,NA,NA,NA
"Washington Nationals","1,943,812","23,998",27.9,27.5,94,95,0,1,9,"$36,947,500","2:55","Acta",2007,NA,NA,NA
"Arizona Diamondbacks","2,509,924","30,987",26.7,29.4,107,107,1,2,11,"$66,202,712","2:52","Melvin",2008,NA,NA,NA
"Atlanta Braves","2,532,834","31,270",27.2,28.6,98,97,3,2,12,"$102,365,683","2:52","Cox",2008,NA,NA,NA
"Baltimore Orioles","1,950,075","24,376",30.1,27.9,101,102,0,1,9,"$67,196,246","2:58","Trembley",2008,NA,NA,NA
"Boston Red Sox","3,048,250","37,633",29.8,29.2,107,106,1,7,21,"$133,390,035","3:06","Francona",2008,NA,NA,NA
"Chicago Cubs","3,300,200","40,743",30.1,28.9,107,106,0,8,14,"$120,345,833","2:55","Piniella",2008,NA,NA,NA
"Chicago White Sox","2,500,648","30,496",30.6,28.3,104,105,2,2,16,"$121,189,332","2:51","Guillén",2008,NA,NA,NA
"Cincinnati Reds","2,058,632","25,415",28.6,28.7,102,102,1,1,10,"$74,167,695","2:55","Baker",2008,NA,NA,NA
"Cleveland Indians","2,169,760","26,787",27.6,28.6,98,97,1,2,12,"$78,970,066","3:01","Wedge",2008,NA,NA,NA
"Colorado Rockies","2,650,218","32,719",27.5,28.5,109,109,1,2,12,"$68,655,500","2:54","Hurdle",2008,NA,NA,NA
"Detroit Tigers","3,202,645","39,539",30.3,29.9,102,102,1,1,17,"$138,785,196","3:00","Leyland",2008,NA,NA,NA
"Florida Marlins","1,335,076","16,482",28,26.6,101,101,0,2,8,"$21,811,500","2:56","González",2008,NA,NA,NA
"Houston Astros","2,779,487","34,744",31.1,30.9,97,98,0,2,13,"$87,946,807","2:52","Cooper",2008,NA,NA,NA
"Kansas City Royals","1,578,922","19,493",28,27.6,98,99,0,1,8,"$59,445,500","2:54","Hillman",2008,NA,NA,NA
"Los Angeles Angels of Anaheim","3,336,747","41,194",29,27.6,102,102,1,3,16,"$119,216,333","2:47","Scioscia",2008,NA,NA,NA
"Los Angeles Dodgers","3,730,553","46,056",28.5,29.5,98,97,1,1,18,"$118,588,536","2:57","Torre",2008,NA,NA,NA
"Milwaukee Brewers","3,068,458","37,882",28.7,29.9,98,98,1,3,14,"$80,937,499","2:55","Yost and Sveum",2008,NA,NA,NA
"Minnesota Twins","2,302,431","28,425",26.2,27.5,96,96,1,3,11,"$56,932,766","2:53","Gardenhire",2008,NA,NA,NA
"New York Mets","4,042,045","49,902",30.1,29,98,98,2,2,11,"$137,793,376","3:02","Randolph and Manuel",2008,NA,NA,NA
"New York Yankees","4,298,655","53,070",31.4,30.6,103,101,4,3,19,"$212,286,789","3:05","Girardi",2008,NA,NA,NA
"Oakland Athletics","1,665,256","20,559",27.2,26.5,94,94,1,1,8,"$47,967,126","2:48","Geren",2008,NA,NA,NA
"Philadelphia Phillies","3,422,583","42,254",30.1,30.6,102,101,0,2,12,"$97,879,880","2:55","Manuel",2008,NA,NA,NA
"Pittsburgh Pirates","1,609,076","19,865",28.4,26.5,96,97,0,1,10,"$48,689,783","2:54","Russell",2008,NA,NA,NA
"San Diego Padres","2,427,535","29,970",28.9,30.2,87,88,2,1,11,"$73,677,616","2:52","Black",2008,NA,NA,NA
"Seattle Mariners","2,329,702","28,762",29.7,28.5,96,97,2,1,11,"$117,666,482","2:47","McLaren and Riggleman",2008,NA,NA,NA
"San Francisco Giants","2,863,837","35,356",29.6,27.1,102,102,0,2,12,"$76,594,500","2:53","Bochy",2008,NA,NA,NA
"St. Louis Cardinals","3,432,917","42,382",28.8,30.2,98,98,0,2,12,"$99,624,449","2:54","La Russa",2008,NA,NA,NA
"Tampa Bay Rays","1,811,986","22,370",27,27.5,101,101,0,3,13,"$44,970,597","3:02","Maddon",2008,NA,NA,NA
"Texas Rangers","1,945,677","24,021",27.7,28.1,101,102,0,4,13,"$68,037,326","3:02","Washington",2008,NA,NA,NA
"Toronto Blue Jays","2,399,786","29,627",31,28.6,97,97,3,1,13,"$97,793,900","2:51","Gibbons and Gaston",2008,NA,NA,NA
"Washington Nationals","2,320,400","29,005",27.7,27.3,98,100,0,1,13,"$54,961,000","2:50","Acta",2008,NA,NA,NA
"Arizona Diamondbacks","2,128,765","26,281",26.5,27.7,105,106,0,2,10,"$75,920,666","2:56","Melvin and Hinch",2009,NA,NA,NA
"Atlanta Braves","2,373,631","29,304",28.8,28.9,99,98,1,1,11,"$99,593,166","2:54","Cox",2009,NA,NA,NA
"Baltimore Orioles","1,907,163","23,545",28.7,28.1,101,102,0,1,14,"$69,904,166","2:52","Trembley",2009,NA,NA,NA
"Boston Red Sox","3,062,699","37,811",30,29.8,105,104,3,6,23,"$125,439,499","3:06","Francona",2009,NA,NA,NA
"Chicago Cubs","3,168,859","39,611",29.9,28.4,107,106,0,1,11,"$139,652,000","2:52","Piniella",2009,NA,NA,NA
"Chicago White Sox","2,284,163","28,200",29.8,29.5,105,105,1,1,16,"$101,081,000","2:46","Guillén",2009,NA,NA,NA
"Cincinnati Reds","1,747,919","21,579",27.8,29,100,100,1,1,12,"$78,979,000","2:58","Baker",2009,NA,NA,NA
"Cleveland Indians","1,766,242","21,805",27.4,27.8,95,95,0,1,12,"$85,224,866","3:01","Wedge",2009,NA,NA,NA
"Colorado Rockies","2,665,080","32,902",27.8,28.5,112,112,1,2,12,"$79,250,200","2:57","Hurdle and Tracy",2009,NA,NA,NA
"Detroit Tigers","2,567,165","31,693",29.8,26.6,101,101,0,4,11,"$119,510,145","2:50","Leyland",2009,NA,NA,NA
"Florida Marlins","1,464,109","18,075",27,26.3,102,102,0,2,6,"$40,029,000","3:00","González",2009,NA,NA,NA
"Houston Astros","2,521,076","31,124",31.6,31.2,98,98,1,2,12,"$105,804,414","2:51","Cooper and Clark",2009,NA,NA,NA
"Kansas City Royals","1,797,891","22,196",27.6,28.7,97,99,0,1,6,"$76,817,333","2:54","Hillman",2009,NA,NA,NA
"Los Angeles Angels of Anaheim","3,240,386","40,005",29.6,28.6,99,98,1,3,14,"$118,169,000","2:56","Scioscia",2009,NA,NA,NA
"Los Angeles Dodgers","3,761,655","46,440",29.7,27.8,95,95,1,3,19,"$102,117,592","3:08","Torre",2009,NA,NA,NA
"Milwaukee Brewers","3,037,451","37,499",29.3,30,98,98,1,3,11,"$81,384,502","3:00","Macha",2009,NA,NA,NA
"Minnesota Twins","2,416,237","29,466",27.6,27.9,98,98,1,3,11,"$67,804,266","2:56","Gardenhire",2009,NA,NA,NA
"New York Mets","3,168,571","39,118",29.5,29.2,97,97,1,4,13,"$151,994,237","2:55","Manuel",2009,NA,NA,NA
"New York Yankees","3,719,358","45,918",30.7,29.3,105,103,3,3,17,"$210,330,039","3:11","Girardi",2009,NA,NA,NA
"Oakland Athletics","1,408,783","17,392",29.1,25.7,98,98,0,1,7,"$65,945,000","2:50","Geren",2009,NA,NA,NA
"Philadelphia Phillies","3,600,693","44,453",31.3,31.2,101,100,1,5,14,"$115,479,046","2:56","Manuel",2009,NA,NA,NA
"Pittsburgh Pirates","1,577,853","19,480",27,26.3,98,99,0,2,10,"$51,912,500","2:49","Russell",2009,NA,NA,NA
"San Diego Padres","1,919,603","23,699",28,26.8,90,90,0,2,10,"$50,954,200","2:55","Black",2009,NA,NA,NA
"Seattle Mariners","2,195,533","27,105",29.9,27.4,94,95,3,2,9,"$100,134,166","2:46","Wakamatsu",2009,NA,NA,NA
"San Francisco Giants","2,862,110","35,335",29,28.7,102,101,1,2,15,"$91,944,450","2:49","Bochy",2009,NA,NA,NA
"St. Louis Cardinals","3,343,252","41,275",28.5,30.1,98,97,1,3,11,"$90,928,409","2:48","La Russa",2009,NA,NA,NA
"Tampa Bay Rays","1,874,962","23,148",27.8,28.4,98,97,0,5,14,"$67,270,334","3:01","Maddon",2009,NA,NA,NA
"Texas Rangers","2,156,016","26,617",27.8,27.7,104,104,1,3,19,"$79,723,548","2:51","Washington",2009,NA,NA,NA
"Toronto Blue Jays","1,876,129","23,162",29.9,28.4,100,99,2,2,12,"$83,964,500","2:56","Gaston",2009,NA,NA,NA
"Washington Nationals","1,817,226","22,435",28.3,27.4,99,101,0,1,11,"$64,384,000","2:55","Acta and Riggleman",2009,NA,NA,NA
"Arizona Diamondbacks","2,056,697","25,391",26.8,27.9,105,105,0,1,8,"$61,368,166","2:58","Hinch and Gibson",2010,NA,NA,NA
"Atlanta Braves","2,510,119","30,989",28.6,30.1,98,97,2,6,19,"$84,423,666","2:56","Cox",2010,NA,NA,NA
"Baltimore Orioles","1,733,019","21,395",28.6,28.4,99,100,0,1,14,"$81,612,500","2:53","Trembley, Samuel and Showalter",2010,NA,NA,NA
"Boston Red Sox","3,046,445","37,610",30.9,29.6,106,105,2,6,20,"$164,507,333","3:10","Francona",2010,NA,NA,NA
"Chicago Cubs","3,062,973","37,814",29.4,28.2,104,105,0,1,12,"$147,009,001","2:50","Piniella and Quade",2010,NA,NA,NA
"Chicago White Sox","2,194,378","27,091",30.7,29,103,103,0,2,16,"$107,195,000","2:47","Guillén",2010,NA,NA,NA
"Cincinnati Reds","2,060,550","25,439",29,28.2,102,101,1,4,14,"$75,321,542","2:56","Baker",2010,NA,NA,NA
"Cleveland Indians","1,391,644","17,181",27.2,26.6,94,95,0,1,12,"$61,203,966","2:54","Acta",2010,NA,NA,NA
"Colorado Rockies","2,875,245","35,497",28.8,28.1,115,115,1,2,10,"$90,677,000","3:00","Tracy",2010,NA,NA,NA
"Detroit Tigers","2,461,237","30,386",29,26.5,102,101,0,3,11,"$124,039,928","2:54","Leyland",2010,NA,NA,NA
"Florida Marlins","1,524,894","18,826",26.9,27.1,103,103,0,2,6,"$57,454,719","2:55","González and Rodríguez",2010,NA,NA,NA
"Houston Astros","2,331,490","28,784",29.5,29.6,97,98,0,1,8,"$93,216,000","2:49","Mills",2010,NA,NA,NA
"Kansas City Royals","1,615,327","19,942",28.9,27.5,99,101,0,1,8,"$73,105,210","2:51","Hillman and Yost",2010,NA,NA,NA
"Los Angeles Angels of Anaheim","3,250,814","40,134",29.7,28.3,96,96,0,2,15,"$104,963,866","2:54","Scioscia",2010,NA,NA,NA
"Los Angeles Dodgers","3,562,320","43,979",30.3,28.1,96,96,0,4,18,"$95,358,016","3:01","Torre",2010,NA,NA,NA
"Milwaukee Brewers","2,776,531","34,278",27.8,29.2,100,100,1,3,16,"$81,108,278","3:03","Macha",2010,NA,NA,NA
"Minnesota Twins","3,223,640","39,798",28.4,28.6,98,98,2,2,14,"$97,559,166","2:51","Gardenhire",2010,NA,NA,NA
"New York Mets","2,559,738","31,602",28.4,29.5,97,97,0,2,10,"$134,422,942","2:57","Manuel",2010,NA,NA,NA
"New York Yankees","3,765,807","46,491",30.4,30.3,106,104,3,8,21,"$210,733,389","3:09","Girardi",2010,NA,NA,NA
"Oakland Athletics","1,418,391","17,511",27.8,26,99,99,0,2,8,"$57,904,900","2:44","Geren",2010,NA,NA,NA
"Philadelphia Phillies","3,777,322","44,968",31.8,31.1,102,101,1,3,18,"$141,928,379","2:54","Manuel",2010,NA,NA,NA
"Pittsburgh Pirates","1,613,399","19,919",26.5,28.6,98,100,0,1,9,"$37,443,000","2:52","Russell",2010,NA,NA,NA
"San Diego Padres","2,131,774","26,318",29.1,27.2,91,91,0,2,10,"$37,799,300","2:56","Black",2010,NA,NA,NA
"Seattle Mariners","2,085,630","25,749",29.6,27.1,93,95,2,1,14,"$86,510,000","2:43","Wakamatsu and Brown",2010,NA,NA,NA
"San Francisco Giants","3,037,443","37,499",29.6,27.9,97,97,0,2,11,"$98,641,333","2:52","Bochy",2010,NA,NA,NA
"St. Louis Cardinals","3,301,218","40,756",28.8,30.2,97,96,0,5,14,"$93,540,751","2:52","La Russa",2010,NA,NA,NA
"Tampa Bay Rays","1,864,999","23,025",27.5,28,95,94,0,4,14,"$71,923,471","3:02","Maddon",2010,NA,NA,NA
"Texas Rangers","2,505,171","30,928",28.3,27.6,109,108,1,6,16,"$56,474,374","2:57","Washington",2010,NA,NA,NA
"Toronto Blue Jays","1,495,482","19,173",29.3,28,102,101,0,3,8,"$62,734,000","2:48","Gaston",2010,NA,NA,NA
"Washington Nationals","1,828,066","22,569",29.1,28,99,100,1,1,12,"$67,701,000","2:57","Riggleman",2010,NA,NA,NA
"Arizona Diamondbacks","2,105,432","25,993",28.2,27.4,103,103,0,2,12,"$54,823,166","2:53","Gibson",2011,NA,NA,NA
"Atlanta Braves","2,372,940","29,296",28.9,28.4,101,100,1,5,18,"$93,855,132","2:56","González",2011,NA,NA,NA
"Baltimore Orioles","1,755,461","21,672",28.3,28.2,102,103,1,1,15,"$88,299,038","2:54","Showalter",2011,NA,NA,NA
"Boston Red Sox","3,054,001","37,704",30.1,30.3,105,105,1,6,21,"$166,662,475","3:13","Francona",2011,NA,NA,NA
"Chicago Cubs","3,017,966","37,259",29.3,29.4,101,102,0,1,14,"$136,547,329","2:58","Quade",2011,NA,NA,NA
"Chicago White Sox","2,001,117","24,705",30,28.5,106,106,0,2,15,"$127,789,000","2:49","Guillén and Cooper",2011,NA,NA,NA
"Cincinnati Reds","2,213,588","27,328",28.6,27.7,104,103,1,4,17,"$77,297,134","3:03","Baker",2011,NA,NA,NA
"Cleveland Indians","1,840,835","22,726",27.8,26.7,94,96,1,2,13,"$49,426,566","2:56","Acta",2011,NA,NA,NA
"Colorado Rockies","2,909,777","35,923",28.6,27.7,119,119,1,1,13,"$91,648,071","3:03","Tracy",2011,NA,NA,NA
"Detroit Tigers","2,642,045","32,618",28.6,27.8,102,101,0,5,11,"$106,875,231","3:00","Leyland",2011,NA,NA,NA
"Florida Marlins","1,520,562","18,772",27.4,28,101,102,0,1,11,"$57,694,000","2:58","Rodríguez, Hyde and McKeon",2011,NA,NA,NA
"Houston Astros","2,067,016","25,519",28.2,27.2,98,99,0,1,7,"$71,110,500","2:56","Mills",2011,NA,NA,NA
"Kansas City Royals","1,724,450","21,290",25.8,26.4,99,100,0,1,13,"$35,712,000","2:54","Yost",2011,NA,NA,NA
"Los Angeles Angels of Anaheim","3,166,321","39,090",28.9,28.4,92,92,0,3,13,"$138,543,166","2:53","Scioscia",2011,NA,NA,NA
"Los Angeles Dodgers","2,935,139","36,236",29.8,28.6,96,96,0,3,15,"$103,785,477","3:02","Mattingly",2011,NA,NA,NA
"Milwaukee Brewers","3,071,373","37,918",28.9,29.3,103,103,0,3,14,"$86,636,333","2:56","Roenicke",2011,NA,NA,NA
"Minnesota Twins","3,168,116","39,113",27.5,28.5,99,99,2,1,10,"$112,737,000","2:50","Gardenhire",2011,NA,NA,NA
"New York Mets","2,352,596","29,044",28,30,96,96,0,2,11,"$151,897,309","2:59","Collins",2011,NA,NA,NA
"New York Yankees","3,653,680","45,107",30.6,31,106,105,3,8,20,"$206,275,028","3:08","Girardi",2011,NA,NA,NA
"Oakland Athletics","1,476,791","18,232",29.1,27.4,98,98,0,1,8,"$67,094,000","2:53","Geren and Melvin",2011,NA,NA,NA
"Philadelphia Phillies","3,680,718","45,441",31.4,29.2,101,100,1,5,17,"$172,976,379","2:52","Manuel",2011,NA,NA,NA
"Pittsburgh Pirates","1,940,429","23,956",27.2,28.1,95,97,0,3,12,"$45,047,000","3:00","Hurdle",2011,NA,NA,NA
"San Diego Padres","2,143,018","26,457",28,28.1,93,93,0,1,9,"$45,869,140","2:52","Black",2011,NA,NA,NA
"Seattle Mariners","1,896,321","23,411",29.3,26.8,90,92,1,3,12,"$86,110,600","2:46","Wedge",2011,NA,NA,NA
"San Francisco Giants","3,387,303","41,819",30.2,28.5,92,91,0,5,15,"$124,198,333","2:54","Bochy",2011,NA,NA,NA
"St. Louis Cardinals","3,093,954","38,197",29.3,30.2,98,97,0,3,14,"$105,433,572","2:55","La Russa",2011,NA,NA,NA
"Tampa Bay Rays","1,529,188","18,879",28.2,27.8,93,92,0,3,11,"$41,053,571","2:58","Maddon",2011,NA,NA,NA
"Texas Rangers","2,946,949","36,382",29.1,28.8,109,108,1,5,16,"$93,799,264","2:55","Washington",2011,NA,NA,NA
"Toronto Blue Jays","1,818,103","22,446",28.3,27.6,104,104,0,2,6,"$64,567,800","2:55","Farrell",2011,NA,NA,NA
"Washington Nationals","1,940,478","24,256",28.4,27.6,100,100,1,1,10,"$68,492,928","2:57","Riggleman, McLaren and Johnson",2011,NA,NA,NA
"Arizona Diamondbacks","2,177,617","26,884",28.3,27.4,103,103,0,1,13,"$67,069,833","2:58","Gibson",2012,NA,NA,NA
"Atlanta Braves","2,420,171","29,879",28.5,27.6,102,101,1,4,16,"$86,208,000","2:55","González",2012,NA,NA,NA
"Baltimore Orioles","2,102,240","25,954",28,27.6,102,103,1,3,16,"$77,949,000","3:00","Showalter",2012,NA,NA,NA
"Boston Red Sox","3,043,003","37,568",29.4,28.7,104,103,1,1,17,"$110,386,000","3:09","Valentine",2012,NA,NA,NA
"Chicago Cubs","2,882,756","35,590",27.8,27.9,101,103,0,2,11,"$86,159,366","2:58","Sveum",2012,NA,NA,NA
"Chicago White Sox","1,965,955","24,271",30,27.5,104,104,0,4,17,"$118,208,000","2:54","Ventura",2012,NA,NA,NA
"Cincinnati Reds","2,347,251","28,978",28.8,27.1,104,104,1,3,14,"$80,309,500","3:00","Baker",2012,NA,NA,NA
"Cleveland Indians","1,603,596","19,797",27.8,27.6,94,95,0,2,13,"$78,911,300","2:58","Acta and Alomar",2012,NA,NA,NA
"Colorado Rockies","2,630,458","32,475",28.1,28.2,117,117,1,1,13,"$75,485,000","3:06","Tracy",2012,NA,NA,NA
"Detroit Tigers","3,028,033","37,383",27.9,28.2,105,104,0,3,10,"$131,394,000","2:59","Leyland",2012,NA,NA,NA
"Houston Astros","1,607,733","19,849",26.6,27.2,100,102,0,1,8,"$37,651,000","3:02","Mills and DeFrancesco",2012,NA,NA,NA
"Kansas City Royals","1,739,859","21,480",26.1,27.3,102,102,0,1,14,"$61,747,075","2:57","Yost",2012,NA,NA,NA
"Los Angeles Angels of Anaheim","3,061,770","37,800",28.7,30.1,94,93,0,4,16,"$141,073,500","2:57","Scioscia",2012,NA,NA,NA
"Los Angeles Dodgers","3,324,246","41,040",30.4,29,96,96,0,2,16,"$177,033,600","3:05","Mattingly",2012,NA,NA,NA
"Miami Marlins","2,219,444","27,401",28.3,28.8,102,103,0,1,15,"$107,678,000","2:57","Guillén",2012,NA,NA,NA
"Milwaukee Brewers","2,831,385","34,955",29.2,29,105,104,0,1,16,"$95,717,000","3:08","Roenicke",2012,NA,NA,NA
"Minnesota Twins","2,776,354","34,276",28.9,27.8,98,100,1,1,10,"$99,066,000","2:59","Gardenhire",2012,NA,NA,NA
"New York Mets","2,242,803","27,689",27.9,30.3,95,96,0,2,9,"$91,621,424","2:56","Collins",2012,NA,NA,NA
"New York Yankees","3,542,406","43,733",32.9,30.3,104,103,4,4,20,"$197,977,900","3:07","Girardi",2012,NA,NA,NA
"Oakland Athletics","1,679,013","20,729",27.7,27.9,95,95,0,1,13,"$61,202,500","3:02","Melvin",2012,NA,NA,NA
"Philadelphia Phillies","3,565,718","44,021",31.1,29.1,102,102,2,3,15,"$171,501,558","2:56","Manuel",2012,NA,NA,NA
"Pittsburgh Pirates","2,091,918","25,826",27.6,30.2,95,95,0,2,15,"$70,077,000","3:01","Hurdle",2012,NA,NA,NA
"San Diego Padres","2,123,721","26,219",27.4,28,91,91,0,1,12,"$55,494,700","2:56","Black",2012,NA,NA,NA
"Seattle Mariners","1,721,920","21,258",27,27.9,92,93,1,1,12,"$78,235,600","2:56","Wedge",2012,NA,NA,NA
"San Francisco Giants","3,377,371","41,696",27.8,30,89,89,0,4,15,"$117,637,350","3:02","Bochy",2012,NA,NA,NA
"St. Louis Cardinals","3,262,109","40,273",29.2,28.6,98,96,0,6,16,"$112,071,000","3:01","Matheny",2012,NA,NA,NA
"Tampa Bay Rays","1,559,681","19,255",29.7,28.1,95,94,0,2,13,"$63,368,700","3:06","Maddon",2012,NA,NA,NA
"Texas Rangers","3,460,280","42,720",29.7,28.8,109,107,1,8,19,"$124,119,900","3:00","Washington",2012,NA,NA,NA
"Toronto Blue Jays","2,099,663","25,922",27.8,27.8,102,103,0,1,10,"$82,352,700","2:58","Farrell",2012,NA,NA,NA
"Washington Nationals","2,370,794","29,269",27.2,27,101,101,0,4,14,"$92,386,000","3:03","Johnson",2012,NA,NA,NA
"Arizona Diamondbacks","2,134,895","26,357",28.1,27.6,102,103,0,2,11,"$80,060,500","3:08","Gibson",2013,NA,NA,NA
"Atlanta Braves","2,548,679","31,465",26.8,27.2,101,100,0,3,12,"$95,618,750","2:59","González",2013,NA,NA,NA
"Baltimore Orioles","2,357,561","29,106",27.8,27.9,103,102,0,5,18,"$100,832,000","3:01","Showalter",2013,NA,NA,NA
"Boston Red Sox","2,833,333","34,979",29.6,30.2,103,103,1,3,20,"$175,395,500","3:15","Farrell",2013,NA,NA,NA
"Chicago Cubs","2,642,682","32,626",27.9,28.7,102,103,0,1,9,"$67,874,166","3:07","Sveum",2013,NA,NA,NA
"Chicago White Sox","1,768,413","21,832",29.2,27.1,104,105,0,2,12,"$81,401,900","3:02","Ventura",2013,NA,NA,NA
"Cincinnati Reds","2,492,101","31,151",28.5,27.7,101,101,0,3,15,"$106,255,535","3:08","Baker",2013,NA,NA,NA
"Cleveland Indians","1,572,926","19,419",28.7,27.5,95,95,0,2,16,"$87,342,433","3:03","Francona",2013,NA,NA,NA
"Colorado Rockies","2,793,828","34,492",27.7,28.3,118,119,1,3,12,"$73,768,000","3:05","Weiss",2013,NA,NA,NA
"Detroit Tigers","3,083,397","38,067",30,28.4,104,104,0,6,13,"$154,407,000","3:06","Leyland",2013,NA,NA,NA
"Houston Astros","1,651,883","20,394",25.9,27.2,99,101,0,1,5,"$14,672,300","3:12","Porter",2013,NA,NA,NA
"Kansas City Royals","1,750,754","21,614",26.9,28.9,103,103,0,3,16,"$87,426,250","2:55","Yost",2013,NA,NA,NA
"Los Angeles Angels of Anaheim","3,019,505","37,278",27.8,29.1,94,94,0,1,10,"$116,532,500","3:12","Scioscia",2013,NA,NA,NA
"Los Angeles Dodgers","3,743,527","46,216",30.6,28.1,96,95,0,1,21,"$254,161,000","3:07","Mattingly",2013,NA,NA,NA
"Miami Marlins","1,586,322","19,584",27.7,26,102,103,0,1,9,"$24,761,900","2:57","Redmond",2013,NA,NA,NA
"Milwaukee Brewers","2,531,105","31,248",27.9,28.8,103,103,0,2,12,"$86,945,000","3:03","Roenicke",2013,NA,NA,NA
"Minnesota Twins","2,477,644","30,588",28.3,28.3,101,102,1,2,9,"$63,042,500","3:06","Gardenhire",2013,NA,NA,NA
"New York Mets","2,135,657","26,366",28.3,29.1,94,95,0,2,9,"$69,425,860","3:08","Collins",2013,NA,NA,NA
"New York Yankees","3,279,589","40,489",31.9,31.8,100,100,4,2,17,"$246,534,750","3:05","Girardi",2013,NA,NA,NA
"Oakland Athletics","1,809,302","22,337",28.3,28.3,98,97,0,2,15,"$69,440,000","3:05","Melvin",2013,NA,NA,NA
"Philadelphia Phillies","3,012,403","37,190",30,28.7,100,100,1,2,10,"$150,860,000","2:59","Manuel and Sandberg",2013,NA,NA,NA
"Pittsburgh Pirates","2,256,862","27,862",27.9,28.7,95,95,0,5,19,"$99,230,000","3:06","Hurdle",2013,NA,NA,NA
"San Diego Padres","2,166,691","26,749",28.1,28.8,91,91,0,1,11,"$65,988,600","3:00","Black",2013,NA,NA,NA
"Seattle Mariners","1,761,546","21,747",28.6,28,92,92,0,2,10,"$78,887,000","3:04","Wedge",2013,NA,NA,NA
"San Francisco Giants","3,369,106","41,087",28.7,29.6,93,92,0,4,12,"$139,845,667","3:05","Bochy",2013,NA,NA,NA
"St. Louis Cardinals","3,369,769","41,602",28.7,26.9,101,100,0,6,15,"$112,583,000","3:01","Matheny",2013,NA,NA,NA
"Tampa Bay Rays","1,510,300","18,646",29.5,29,97,96,0,2,12,"$71,163,500","3:11","Maddon",2013,NA,NA,NA
"Texas Rangers","3,178,273","38,759",29.6,27.9,103,103,1,3,18,"$139,261,200","3:04","Washington",2013,NA,NA,NA
"Toronto Blue Jays","2,536,562","31,316",29,30.9,102,103,0,4,12,"$124,517,800","2:55","Gibbons",2013,NA,NA,NA
"Washington Nationals","2,652,422","32,746",27.7,27.7,103,101,0,2,14,"$112,493,250","2:57","Johnson",2013,NA,NA,NA
"Arizona Diamondbacks","2,073,730","25,602",27.6,28,102,102,0,2,13,"$89,926,500","3:03","Gibson and Trammell",2014,37,19,"51%"
"Atlanta Braves","2,354,305","29,065",26.8,27.3,98,97,0,3,11,"$108,081,500","3:04","González",2014,34,23,"67%"
"Baltimore Orioles","2,464,473","30,426",28.3,27.7,103,103,0,3,17,"$109,097,500","3:07","Showalter",2014,28,14,"50%"
"Boston Red Sox","2,956,089","36,495",29.2,29.9,104,104,1,2,22,"$134,628,929","3:17","Farrell",2014,34,19,"55%"
"Chicago Cubs","2,652,113","32,742",26.8,28,102,103,0,3,8,"$59,800,500","3:12","Renteria",2014,57,25,"43%"
"Chicago White Sox","1,650,821","20,381",27.7,27.4,97,98,0,3,9,"$87,475,500","3:08","Ventura",2014,36,17,"47%"
"Cincinnati Reds","2,476,664","30,576",29,28,100,100,0,5,11,"$102,230,000","3:03","Price",2014,27,12,"44%"
"Cleveland Indians","1,437,393","17,746",28.6,27.2,103,102,0,1,14,"$73,509,399","3:12","Francona",2014,33,17,"51%"
"Colorado Rockies","2,680,329","33,090",27.4,28.5,116,116,0,2,9,"$95,403,500","3:12","Weiss",2014,37,14,"37%"
"Detroit Tigers","2,917,209","36,015",29.8,28.5,101,101,0,4,18,"$169,135,500","3:14","Ausmus",2014,39,23,"58%"
"Houston Astros","1,751,829","21,628",25.4,27.9,100,101,0,1,6,"$44,736,800","3:10","Porter and Lawless",2014,31,19,"61%"
"Kansas City Royals","1,956,482","24,154",28.2,28.9,104,103,0,3,16,"$89,804,075","3:02","Yost",2014,35,22,"62%"
"Los Angeles Angels of Anaheim","3,095,935","38,221",29.3,28.4,95,94,0,2,14,"$128,667,000","3:15","Scioscia",2014,36,20,"55%"
"Los Angeles Dodgers","3,782,337","46,696",29.3,29.9,96,95,0,4,21,"$233,386,026","3:14","Mattingly",2014,38,21,"55%"
"Miami Marlins","1,732,283","21,386",27.4,26.4,100,101,0,2,13,"$42,365,400","3:05","Redmond",2014,27,19,"70%"
"Milwaukee Brewers","2,797,384","34,536",28.8,29,103,103,0,4,15,"$109,567,000","3:07","Roenicke",2014,27,17,"62%"
"Minnesota Twins","2,250,606","27,785",27.5,29.2,102,102,1,2,12,"$87,044,000","3:07","Gardenhire",2014,40,21,"52%"
"New York Mets","2,148,808","26,528",28.4,28.9,94,94,0,1,11,"$82,663,615","3:08","Collins",2014,31,14,"45%"
"New York Yankees","3,401,624","41,995",32.8,29.3,100,100,3,3,19,"$258,118,959","3:12","Girardi",2014,30,24,"80%"
"Oakland Athletics","2,003,628","24,736",29.6,28.2,98,97,0,6,16,"$89,160,900","3:05","Melvin",2014,26,14,"53%"
"Philadelphia Phillies","2,423,852","29,924",30.8,30.1,101,102,0,1,12,"$176,444,967","3:09","Sandberg",2014,32,14,"43%"
"Pittsburgh Pirates","2,442,564","30,155",27.3,28.1,99,98,0,3,14,"$80,729,000","3:09","Hurdle",2014,35,20,"57%"
"San Diego Padres","2,195,373","27,103",27.9,28.8,92,92,0,2,6,"$76,662,100","3:01","Black",2014,33,17,"51%"
"Seattle Mariners","2,064,334","25,486",27.5,29,95,95,0,4,13,"$95,471,000","2:59","McClendon",2014,35,20,"57%"
"San Francisco Giants","3,368,697","41,589",28.6,31.7,95,94,0,3,16,"$163,510,167","3:05","Bochy",2014,35,22,"62%"
"St. Louis Cardinals","3,540,649","43,712",28.6,27.2,100,99,0,4,15,"$129,932,500","3:03","Matheny",2014,32,13,"40%"
"Tampa Bay Rays","1,446,464","17,858",29.3,28.4,97,97,0,1,14,"$77,814,300","3:19","Maddon",2014,49,21,"42%"
"Texas Rangers","2,718,733","33,565",28.4,27.9,104,104,1,2,16,"$129,801,239","3:06","Washington and Bogar",2014,43,22,"51%"
"Toronto Blue Jays","2,375,525","29,327",29.2,29.6,100,99,0,3,14,"$136,466,200","3:01","Gibbons",2014,47,16,"34%"
"Washington Nationals","2,579,389","31,844",28.8,28.3,104,102,0,2,15,"$137,235,080","3:05","Williams",2014,32,21,"65%"
"Arizona Diamondbacks","2,080,145","25,681",26.6,27.1,105,105,0,2,8,"$64,434,000","3:10","Hale",2015,34,21,"61%"
"Atlanta Braves","2,001,392","24,709",28.8,26.6,97,98,0,1,13,"$104,037,500","2:55","González",2015,46,22,"47%"
"Baltimore Orioles","2,281,202","29,246",27.9,28.3,102,102,0,4,13,"$112,989,833","2:55","Showalter",2015,30,17,"56%"
"Boston Red Sox","2,880,694","35,564",28.3,28.6,107,107,1,1,20,"$183,931,900","3:06","Farrell",2015,52,21,"40%"
"Chicago Cubs","2,919,122","36,039",26.9,29.3,98,97,0,2,18,"$115,306,610","3:02","Maddon",2015,48,28,"58%"
"Chicago White Sox","1,755,810","21,677",28.2,27.8,96,97,0,1,11,"$112,889,700","3:00","Ventura",2015,41,21,"51%"
"Cincinnati Reds","2,419,506","29,870",29.5,27.3,100,101,0,2,13,"$111,572,286","3:02","Price",2015,33,20,"60%"
"Cleveland Indians","1,388,905","17,361",28,27.3,107,107,0,1,13,"$59,163,766","3:00","Francona",2015,28,15,"53%"
"Colorado Rockies","2,506,789","30,948",28,28.7,118,118,0,3,8,"$96,438,600","3:06","Weiss",2015,47,25,"53%"
"Detroit Tigers","2,726,048","33,655",28.3,28.7,99,99,0,4,17,"$172,284,750","3:09","Ausmus",2015,27,11,"40%"
"Houston Astros","2,153,585","26,587",26.3,29.4,97,97,0,2,12,"$93,256,200","3:03","Hinch",2015,48,23,"47%"
"Kansas City Royals","2,708,549","33,439",29.1,30,104,104,0,7,16,"$121,590,475","3:00","Yost",2015,33,21,"63%"
"Los Angeles Angels of Anaheim","3,012,765","37,195",28.7,28.3,94,94,0,3,11,"$131,522,500","3:00","Scioscia",2015,40,24,"60%"
"Los Angeles Dodgers","3,764,815","46,479",29.5,28.1,95,94,0,5,16,"$265,140,429","3:03","Mattingly",2015,41,17,"41%"
"Miami Marlins","1,752,235","21,633",27.9,27.3,96,97,1,2,12,"$71,231,500","2:51","Redmond and Jennings",2015,31,19,"61%"
"Milwaukee Brewers","2,542,558","31,390",28.1,28.4,100,101,0,2,13,"$70,869,500","3:01","Roenicke and Counsell",2015,30,16,"53%"
"Minnesota Twins","2,220,054","27,408",28.3,29.1,100,101,1,2,14,"$107,755,000","2:57","Molitor",2015,42,26,"61%"
"New York Mets","2,569,753","31,725",28.6,28.2,97,97,0,1,13,"$98,874,473","2:56","Collins",2015,35,19,"54%"
"New York Yankees","3,193,795","39,430",31.4,27.4,101,101,1,3,16,"$214,051,957","3:08","Girardi",2015,30,22,"73%"
"Oakland Athletics","1,768,175","21,829",27.9,27.8,97,97,0,2,14,"$64,016,001","3:01","Melvin",2015,29,15,"51%"
"Philadelphia Phillies","1,831,080","22,606",28,28.5,97,98,0,1,11,"$103,082,167","2:58","Sandberg and Mackanin",2015,38,24,"63%"
"Pittsburgh Pirates","2,498,596","30,847",28.2,29.6,99,99,0,4,15,"$104,457,499","3:06","Hurdle",2015,44,25,"56%"
"San Diego Padres","2,459,752","30,367",27.6,29.1,95,95,0,1,8,"$125,203,700","3:01","Black, Roberts and Murphy",2015,43,19,"44%"
"Seattle Mariners","2,193,581","27,081",28.6,28.6,95,95,0,2,13,"$130,681,400","3:01","McClendon",2015,38,27,"71%"
"San Francisco Giants","3,375,882","41,678",28.9,31.5,99,98,0,4,13,"$180,018,166","3:02","Bochy",2015,38,21,"55%"
"St. Louis Cardinals","3,520,889","43,468",28.4,28.2,101,100,0,6,14,"$128,241,500","2:59","Matheny",2015,31,16,"51%"
"Tampa Bay Rays","1,287,054","15,322",28.5,26.7,96,97,0,2,10,"$64,571,233","2:59","Cash",2015,54,17,"31%"
"Texas Rangers","2,491,875","30,764",28.7,28.1,105,105,1,1,13,"$178,860,789","3:04","Banister",2015,50,17,"34%"
"Toronto Blue Jays","2,794,891","34,505",29.6,29.2,103,102,0,3,19,"$117,917,400","2:53","Gibbons",2015,45,20,"44%"
"Washington Nationals","2,619,843","32,344",28.4,28.6,102,101,0,2,16,"$176,496,372","2:54","Williams",2015,29,12,"41%"
"Arizona Diamondbacks","2,036,216","25,138",26.7,26.4,107,107,0,1,12,"$78,399,500","3:14","Hale",2016,37,22,"59%"
"Atlanta Braves","2,020,914","24,950",28.9,26.4,98,99,0,1,13,"$74,999,750","3:08","González and Snitker",2016,42,18,"42%"
"Baltimore Orioles","2,172,344","26,819",28.5,27.9,102,102,0,5,17,"$153,744,833","3:00","Showalter",2016,39,20,"51%"
"Boston Red Sox","2,955,434","36,487",28.5,29,106,106,1,6,18,"$218,682,750","3:12","Farrell",2016,46,20,"43%"
"Chicago Cubs","3,232,420","39,906",27.4,29.9,101,100,0,7,19,"$176,097,333","3:05","Maddon",2016,42,21,"50%"
"Chicago White Sox","1,746,293","21,559",28.3,28.6,96,96,0,2,16,"$113,416,000","3:03","Ventura",2016,39,20,"51%"
"Cincinnati Reds","1,894,085","23,384",27.8,27.1,101,102,0,2,10,"$77,329,561","3:04","Price",2016,51,25,"49%"
"Cleveland Indians","1,591,667","19,650",29,28.1,109,107,0,3,13,"$94,511,067","3:03","Francona",2016,49,28,"57%"
"Colorado Rockies","2,602,524","32,130",27.8,27.7,116,116,0,2,10,"$89,707,000","3:11","Weiss",2016,54,32,"59%"
"Detroit Tigers","2,493,859","31,173",30,29,100,101,0,1,15,"$199,902,000","3:05","Ausmus",2016,34,19,"55%"
"Houston Astros","2,306,623","28,477",26.4,28.9,94,93,0,2,13,"$89,498,000","3:04","Hinch",2016,37,16,"43%"
"Kansas City Royals","2,557,712","31,577",28.5,29.9,102,102,0,4,15,"$125,132,675","2:59","Yost",2016,37,25,"67%"
"Los Angeles Angels","3,016,142","37,236",28.5,28.4,95,95,0,1,9,"$139,712,000","3:04","Scioscia",2016,38,21,"55%"
"Los Angeles Dodgers","3,703,312","45,720",28.9,28.9,97,96,0,3,18,"$231,342,096","3:10","Roberts",2016,35,19,"54%"
"Miami Marlins","1,712,417","21,405",28.3,28,93,94,1,4,11,"$72,472,000","3:05","Mattingly",2016,53,34,"64%"
"Milwaukee Brewers","2,314,614","28,575",27.5,28.1,102,102,0,1,9,"$52,077,500","3:08","Counsell",2016,47,22,"46%"
"Minnesota Twins","1,963,912","24,246",26.9,28.3,100,100,1,1,17,"$93,333,700","3:05","Molitor",2016,28,17,"60%"
"New York Mets","2,789,602","34,440",29.5,28.4,96,96,0,4,14,"$155,221,282","3:05","Collins",2016,28,18,"64%"
"New York Yankees","3,063,405","37,820",30.1,27.9,103,102,1,3,20,"$193,229,350","3:03","Girardi",2016,28,18,"64%"
"Oakland Athletics","1,521,506","18,784",28.7,27.9,96,97,0,1,12,"$54,969,067","2:56","Melvin",2016,34,22,"64%"
"Philadelphia Phillies","1,915,144","23,644",26.9,26.3,99,100,0,1,6,"$84,846,666","3:03","Mackanin",2016,46,26,"56%"
"Pittsburgh Pirates","2,249,201","27,768",28.9,28.6,99,99,0,2,17,"$81,187,933","3:11","Hurdle",2016,55,25,"45%"
"San Diego Padres","2,351,422","29,030",28.1,28.1,95,95,0,2,11,"$50,656,166","3:06","Green",2016,57,27,"47%"
"Seattle Mariners","2,267,928","27,999",30.5,28.8,96,96,0,1,12,"$137,169,100","3:02","Servais",2016,37,22,"59%"
"San Francisco Giants","3,365,256","41,546",29.1,30,96,96,0,4,15,"$177,021,333","3:10","Bochy",2016,49,31,"63%"
"St. Louis Cardinals","3,444,490","42,525",28.5,28,98,97,0,2,13,"$150,353,500","3:01","Matheny",2016,54,28,"51%"
"Tampa Bay Rays","1,286,163","15,879",27.7,26.9,95,95,0,1,10,"$48,223,791","3:01","Cash",2016,49,29,"59%"
"Texas Rangers","2,710,402","33,462",28.4,28.8,107,108,1,2,15,"$212,117,760","3:00","Banister",2016,51,23,"45%"
"Toronto Blue Jays","3,392,099","41,878",30.1,29.8,102,101,0,5,17,"$182,690,767","3:00","Gibbons",2016,49,19,"38%"
"Washington Nationals","2,481,938","30,641",28.8,29.1,103,102,0,5,16,"$152,967,400","3:08","Baker",2016,47,19,"40%"
"Arizona Diamondbacks","2,134,375","26,350",28.3,28.7,108,108,0,4,11,"$106,580,200","3:09","Lovullo",2017,32,16,"50%"
"Atlanta Braves","2,505,252","30,929",28.6,29.4,100,100,0,1,14,"$119,705,250","3:04","Snitker",2017,47,19,"40%"
"Baltimore Orioles","2,028,424","25,042",28.6,28.2,97,99,0,1,18,"$161,621,633","3:09","Showalter",2017,26,17,"65%"
"Boston Red Sox","2,917,678","36,021",27.3,28.4,105,104,0,3,18,"$200,550,750","3:20","Farrell",2017,43,16,"37%"
"Chicago Cubs","3,199,562","39,501",27.1,30.8,103,101,0,1,18,"$177,210,667","3:09","Maddon",2017,53,28,"52%"
"Chicago White Sox","1,629,470","20,117",26.7,28.7,97,98,0,1,14,"$97,842,000","3:10","Renteria",2017,35,17,"48%"
"Cincinnati Reds","1,836,917","22,678",27.2,27.6,101,103,0,2,10,"$79,315,786","3:03","Price",2017,38,19,"50%"
"Cleveland Indians","2,048,138","25,286",28.1,28.9,106,104,0,5,13,"$114,427,167","3:06","Francona",2017,32,15,"46%"
"Colorado Rockies","2,953,650","36,465",28.3,27,117,116,0,4,14,"$106,650,000","3:11","Black",2017,38,16,"42%"
"Detroit Tigers","2,321,599","28,662",29.6,28.3,101,102,0,2,16,"$118,375,600","3:14","Ausmus",2017,37,16,"43%"
"Houston Astros","2,403,671","29,675",28.8,28.5,94,93,0,6,16,"$157,656,400","3:10","Hinch",2017,39,18,"46%"
"Kansas City Royals","2,220,370","27,412",28.9,30.3,101,102,0,3,19,"$127,555,817","3:02","Yost",2017,34,24,"70%"
"Los Angeles Angels","3,019,585","37,279",29.9,29.1,97,97,0,1,8,"$181,125,500","3:11","Scioscia",2017,39,21,"53%"
"Los Angeles Dodgers","3,765,856","46,492",27.9,29.7,96,95,0,6,20,"$201,466,263","3:11","Roberts",2017,36,23,"63%"
"Miami Marlins","1,583,014","20,295",28.3,28.7,90,91,1,2,10,"$111,591,100","3:06","Mattingly",2017,35,18,"51%"
"Milwaukee Brewers","2,627,705","31,282",27.4,28.3,101,101,0,1,10,"$68,439,300","3:10","Counsell",2017,43,17,"39%"
"Minnesota Twins","2,051,279","25,324",27.1,29.6,100,101,1,3,17,"$103,932,500","3:11","Molitor",2017,28,19,"67%"
"New York Mets","2,460,622","30,378",28.9,27.5,94,95,0,1,14,"$176,615,252","3:09","Collins",2017,39,23,"58%"
"New York Yankees","3,154,938","38,950",28.6,27.8,104,103,1,5,17,"$182,424,700","3:16","Girardi",2017,40,30,"75%"
"Oakland Athletics","1,475,721","18,219",28.7,27.9,95,95,0,1,13,"$51,560,000","3:09","Melvin",2017,32,16,"50%"
"Philadelphia Phillies","1,905,354","23,523",26.6,26.8,98,99,0,1,7,"$86,276,000","3:08","Mackanin",2017,29,17,"58%"
"Pittsburgh Pirates","1,919,447","23,697",28.2,27.1,97,98,0,1,11,"$102,953,333","3:07","Hurdle",2017,49,31,"63%"
"San Diego Padres","2,138,491","26,401",26.2,27.7,95,97,0,1,7,"$49,248,767","3:00","Green",2017,42,17,"40%"
"Seattle Mariners","2,135,445","26,364",29.6,27.9,95,95,0,2,13,"$172,438,700","3:06","Servais",2017,34,17,"50%"
"San Francisco Giants","3,303,652","40,786",29.5,28.9,98,98,0,1,14,"$177,399,833","3:04","Bochy",2017,31,19,"61%"
"St. Louis Cardinals","3,448,337","42,572",28,28.3,98,97,0,2,15,"$129,652,933","3:04","Matheny",2017,50,26,"52%"
"Tampa Bay Rays","1,253,619","15,477",28.3,27.6,96,96,0,2,13,"$79,473,033","3:13","Cash",2017,59,29,"49%"
"Texas Rangers","2,507,760","30,960",28.4,28.8,110,110,1,1,14,"$207,326,274","3:13","Banister",2017,62,33,"53%"
"Toronto Blue Jays","3,203,886","39,554",31,28.8,101,102,0,2,15,"$158,890,575","3:09","Gibbons",2017,45,12,"26%"
"Washington Nationals","2,524,980","31,173",29.2,30.1,104,103,0,5,15,"$175,587,301","3:09","Baker",2017,32,12,"37%"
"Arizona Diamondbacks","2,242,695","27,688",29.2,29.6,105,104,0,3,13,"$134,850,600","3:10","Lovullo",2018,45,26,"57%"
"Atlanta Braves","2,555,781","31,553",27.4,27.7,101,101,0,4,16,"$115,848,667","3:04","Snitker",2018,45,18,"40%"
"Baltimore Orioles","1,564,192","19,311",28.4,27.1,98,100,0,1,17,"$141,555,833","3:01","Showalter",2018,27,15,"55%"
"Boston Red Sox","2,895,575","35,748",27.7,28.9,104,103,0,5,20,"$222,205,000","3:13","Cora",2018,43,22,"51%"
"Chicago Cubs","3,181,089","38,794",27.2,30.2,104,103,0,3,16,"$205,373,881","3:09","Maddon",2018,43,27,"62%"
"Chicago White Sox","1,608,817","19,862",26.5,27.6,98,99,0,1,10,"$75,092,000","3:08","Renteria",2018,40,20,"50%"
"Cincinnati Reds","1,629,356","20,116",27.2,27.1,102,103,0,3,10,"$94,587,500","3:03","Price and Riggleman",2018,38,14,"36%"
"Cleveland Indians","1,926,701","23,786",29.4,29.4,103,101,0,6,16,"$143,375,233","3:03","Francona",2018,37,16,"43%"
"Colorado Rockies","3,015,880","37,233",28.7,27.9,117,117,0,3,13,"$136,658,500","3:04","Black",2018,46,24,"52%"
"Detroit Tigers","1,856,970","22,926",27.9,28.6,103,105,0,1,10,"$111,531,000","3:00","Gardenhire",2018,32,19,"59%"
"Houston Astros","2,980,549","36,797",28.1,30,99,97,0,6,16,"$172,781,200","3:04","Hinch",2018,34,14,"41%"
"Kansas City Royals","1,665,107","20,557",28.6,27.6,100,101,0,1,8,"$95,199,167","2:57","Yost",2018,41,31,"75%"
"Los Angeles Angels","3,020,216","37,287",29.5,27.5,98,98,0,1,8,"$166,849,666","3:09","Scioscia",2018,42,23,"54%"
"Los Angeles Dodgers","3,857,500","47,043",28.1,29.2,98,96,0,3,19,"$164,703,429","3:13","Roberts",2018,39,18,"46%"
"Miami Marlins","811,104","10,014",27.5,27.6,94,95,0,1,6,"$86,515,143","3:02","Mattingly",2018,41,22,"53%"
"Milwaukee Brewers","2,850,875","35,196",28.9,28.8,102,101,0,5,18,"$109,295,700","3:07","Counsell",2018,34,7,"20%"
"Minnesota Twins","1,959,197","24,188",28.2,28.5,101,100,1,1,17,"$110,275,000","3:10","Molitor",2018,45,21,"46%"
"New York Mets","2,224,995","27,469",28.4,28,92,92,0,1,20,"$161,403,844","3:01","Callaway",2018,29,15,"51%"
"New York Yankees","3,482,855","42,998",27.2,28.8,100,98,1,4,16,"$160,643,032","3:11","Boone",2018,35,26,"74%"
"Oakland Athletics","1,573,616","19,427",28,29.2,97,97,0,2,14,"$69,883,333","3:05","Melvin",2018,42,21,"50%"
"Philadelphia Phillies","2,158,124","26,644",26.7,26.8,102,102,0,1,9,"$93,874,333","3:10","Kapler",2018,44,27,"61%"
"Pittsburgh Pirates","1,465,316","18,316",27.8,26.5,96,97,0,1,13,"$88,141,000","3:04","Hurdle",2018,48,23,"47%"
"San Diego Padres","2,168,536","26,772",26.9,27.7,93,95,0,1,7,"$93,821,067","3:00","Green",2018,44,19,"43%"
"Seattle Mariners","2,299,489","28,389",29.8,29,94,95,1,4,14,"$157,090,065","2:58","Servais",2018,37,13,"35%"
"San Francisco Giants","3,156,185","38,965",29.8,28.6,93,94,0,2,14,"$202,060,277","3:01","Bochy",2018,31,23,"74%"
"St. Louis Cardinals","3,403,587","42,020",28.1,26.7,97,96,0,2,14,"$157,713,667","3:10","Matheny and Shildt",2018,47,18,"38%"
"Tampa Bay Rays","1,154,973","14,259",27.1,27.1,97,96,0,2,14,"$46,569,867","3:01","Cash",2018,54,26,"48%"
"Texas Rangers","2,107,107","26,014",27.4,30.4,110,111,1,1,12,"$106,099,628","3:04","Banister and Wakamatsu",2018,42,17,"40%"
"Toronto Blue Jays","2,325,281","28,707",29,29.3,98,99,0,1,13,"$151,670,772","2:59","Gibbons",2018,39,18,"46%"
"Washington Nationals","2,529,604","31,230",27.5,30.2,106,105,0,3,16,"$188,886,699","3:07","Martinez",2018,40,21,"52%"
"Arizona Diamondbacks","2,135,510","26,364",28.7,28.6,101,101,0,2,10,"$124,016,266","3:15","Lovullo",2019,36,21,"58%"
"Atlanta Braves","2,654,920","32,777",28,27.5,106,104,0,3,21,"$133,186,667","3:13","Snitker",2019,30,16,"53%"
"Baltimore Orioles","1,307,807","16,146",26.5,27.3,100,102,0,1,8,"$82,696,100","3:07","Hyde",2019,30,11,"36%"
"Boston Red Sox","2,915,502","35,994",27.3,29,106,105,0,3,15,"$218,978,142","3:25","Cora",2019,33,22,"66%"
"Chicago Cubs","3,094,865","38,208",27.7,31.1,100,100,0,3,19,"$220,305,215","3:12","Maddon",2019,32,16,"50%"
"Chicago White Sox","1,649,775","20,622",27.6,27.6,98,99,0,3,11,"$80,846,333","3:10","Renteria",2019,28,12,"42%"
"Cincinnati Reds","1,809,075","22,334",27.9,28.2,106,106,0,2,14,"$109,737,499","3:03","Bell",2019,34,14,"41%"
"Cleveland Indians","1,738,642","21,465",27.8,28.3,104,102,0,4,13,"$151,257,783","3:03","Francona",2019,27,15,"55%"
"Colorado Rockies","2,993,244","36,954",28.2,27.3,116,117,0,4,13,"$145,348,500","3:14","Black",2019,38,20,"52%"
"Detroit Tigers","1,501,430","18,536",27.6,27.8,101,103,0,1,12,"$100,618,500","3:02","Gardenhire",2019,34,14,"41%"
"Houston Astros","2,857,367","35,276",28.9,29.9,103,100,0,6,18,"$166,042,500","3:05","Hinch",2019,39,20,"51%"
"Kansas City Royals","1,479,659","18,267",27.6,27.9,102,103,0,1,5,"$98,183,242","3:03","Yost",2019,28,23,"82%"
"Los Angeles Angels","3,023,012","37,321",28.8,27,100,100,0,2,10,"$158,078,584","3:15","Ausmus",2019,31,17,"54%"
"Los Angeles Dodgers","3,974,309","49,066",27.9,28.9,97,94,0,5,16,"$193,553,333","3:12","Roberts",2019,34,19,"55%"
"Miami Marlins","811,302","10,016",28.4,26.5,96,97,0,1,8,"$74,683,643","3:05","Mattingly",2019,43,22,"51%"
"Milwaukee Brewers","2,923,333","36,091",28.9,28.7,101,101,0,5,15,"$128,842,900","3:16","Counsell",2019,28,16,"57%"
"Minnesota Twins","2,303,299","28,436",27.8,28.2,99,98,0,3,15,"$113,758,333","3:14","Baldelli",2019,39,12,"30%"
"New York Mets","2,442,532","30,155",27.9,28.6,93,93,0,3,19,"$154,837,230","3:09","Callaway",2019,36,13,"36%"
"New York Yankees","3,304,404","40,795",28.3,30.2,98,96,1,5,17,"$228,442,421","3:11","Boone",2019,22,15,"68%"
"Oakland Athletics","1,670,734","20,626",27.8,30.8,94,93,0,2,12,"$102,935,833","3:07","Melvin",2019,29,12,"41%"
"Philadelphia Phillies","2,727,421","33,672",27.6,28.4,101,101,0,1,13,"$141,786,962","3:15","Kapler",2019,43,23,"53%"
"Pittsburgh Pirates","1,491,439","18,413",27.4,27.2,97,98,0,2,13,"$72,915,501","3:12","Hurdle and Prince",2019,36,15,"41%"
"San Diego Padres","2,396,399","29,585",26.1,26.3,94,95,0,1,11,"$90,260,767","3:07","Green and Barajas",2019,54,25,"46%"
"Seattle Mariners","1,791,109","22,112",27.8,28.6,94,94,1,1,10,"$126,874,600","3:08","Servais",2019,38,18,"47%"
"San Francisco Giants","2,707,760","33,429",29.9,28.9,95,95,0,1,16,"$175,450,753","3:07","Bochy",2019,28,15,"53%"
"St. Louis Cardinals","3,480,393","42,968",28.8,27.8,96,95,0,1,15,"$161,120,267","3:10","Shildt",2019,39,16,"41%"
"Tampa Bay Rays","1,178,735","14,552",27.2,27.8,96,95,0,3,12,"$57,098,067","3:11","Cash",2019,48,22,"45%"
"Texas Rangers","2,132,994","26,333",28.8,28.3,111,112,0,3,11,"$104,433,499","3:11","Woodward",2019,46,29,"63%"
"Toronto Blue Jays","1,750,144","21,607",25.9,28,97,98,0,1,10,"$62,180,671","3:07","Montoyo",2019,39,17,"43%"
"Washington Nationals","2,259,781","27,899",28.7,30.8,102,102,0,2,16,"$203,016,595","3:12","Martinez",2019,31,15,"48%"
"Arizona Diamondbacks",NA,NA,29.1,27.7,99,100,0,0,9,"$88,176,667","3:08","Lovullo",2020,24,10,"41%"
"Atlanta Braves",NA,NA,28.2,28.5,106,104,0,0,20,"$130,705,000","3:13","Snitker",2020,14,4,"28%"
"Baltimore Orioles",NA,NA,26.3,28.3,103,105,0,0,9,"$52,190,000","3:04","Hyde",2020,24,8,"33%"
"Boston Red Sox",NA,NA,27.1,29.1,108,108,0,0,11,"$171,984,429","3:20","Roenicke",2020,21,16,"76%"
"Chicago Cubs",NA,NA,27.9,30.3,100,100,0,0,13,"$181,560,000","3:06","Ross",2020,17,10,"58%"
"Chicago White Sox",NA,NA,27.7,27.6,100,100,0,0,14,"$119,066,333","3:10","Renteria",2020,15,11,"73%"
"Cincinnati Reds",NA,NA,29.2,28.6,109,109,0,0,10,"$120,781,165","2:58","Bell",2020,23,11,"47%"
"Cleveland Indians",NA,NA,28,27.6,101,100,0,0,6,"$101,991,668","3:06","Francona",2020,26,10,"38%"
"Colorado Rockies",NA,NA,28.7,27.3,114,115,0,0,13,"$144,730,000","3:10","Black",2020,17,7,"41%"
"Detroit Tigers",NA,NA,27.6,26.6,100,102,0,0,10,"$88,385,000","2:59","Gardenhire and McClendon",2020,18,12,"66%"
"Houston Astros",NA,NA,29.2,27,102,100,0,0,15,"$217,000,000","3:08","Baker",2020,13,4,"30%"
"Kansas City Royals",NA,NA,27.8,27.1,104,105,0,0,8,"$68,600,000","3:05","Matheny",2020,7,5,"71%"
"Los Angeles Angels",NA,NA,28.5,27.4,101,102,0,0,9,"$181,254,762","3:14","Maddon",2020,23,13,"56%"
"Los Angeles Dodgers",NA,NA,28,27.6,99,97,0,0,16,"$216,508,333","3:09","Roberts",2020,19,11,"57%"
"Miami Marlins",NA,NA,29,27.5,100,101,0,0,11,"$68,450,000","3:05","Mattingly",2020,26,11,"42%"
"Milwaukee Brewers",NA,NA,28.5,28,102,101,0,0,15,"$103,541,667","3:02","Counsell",2020,10,4,"40%"
"Minnesota Twins",NA,NA,28.8,30,98,97,0,0,14,"$134,838,333","3:06","Baldelli",2020,30,11,"36%"
"New York Mets",NA,NA,27.7,29.2,95,95,0,0,17,"$162,078,667","3:11","Rojas",2020,18,8,"44%"
"New York Yankees",NA,NA,28.5,29.2,97,96,0,0,11,"$218,635,714","3:06","Boone",2020,12,5,"41%"
"Oakland Athletics",NA,NA,28.1,29.9,96,94,0,0,12,"$85,683,333","2:57","Melvin",2020,23,7,"30%"
"Philadelphia Phillies",NA,NA,28.5,29.1,100,100,0,0,10,"$170,148,461","3:08","Girardi",2020,29,17,"58%"
"Pittsburgh Pirates",NA,NA,27.1,27.7,98,100,0,0,6,"$49,628,500","3:05","Shelton",2020,10,2,"20%"
"San Diego Padres",NA,NA,26.7,27.8,93,93,0,0,15,"$141,953,667","3:04","Tingler",2020,20,9,"45%"
"Seattle Mariners",NA,NA,26.7,26.6,95,96,0,0,7,"$92,310,000","2:59","Servais",2020,12,5,"41%"
"San Francisco Giants",NA,NA,29.8,29,95,95,0,0,13,"$152,957,778","3:08","Kapler",2020,35,11,"31%"
"St. Louis Cardinals",NA,NA,28.9,27.6,94,93,0,0,11,"$153,396,167","2:52","Shildt",2020,12,8,"66%"
"Tampa Bay Rays",NA,NA,27.1,28.1,94,92,0,0,10,"$56,351,667","3:10","Cash",2020,24,8,"33%"
"Texas Rangers",NA,NA,27.5,28.7,99,101,0,0,11,"$122,326,667","3:04","Woodward",2020,21,11,"52%"
"Toronto Blue Jays",NA,NA,25.9,29.5,100,99,0,0,13,"$76,078,572","3:15","Montoyo",2020,29,6,"20%"
"Washington Nationals",NA,NA,28.6,30.8,99,99,0,0,15,"$172,237,283","3:10","Martinez",2020,19,14,"73%"
"Arizona Diamondbacks","1,043,010","12,877",28.9,28.5,99,100,0,1,11,"$77,691,667","3:15","Lovullo",2021,10,2,"20%"
"Atlanta Braves","2,299,647","28,746",28.2,29.5,104,103,0,3,21,"$127,230,000","3:08","Snitker",2021,12,2,"16%"
"Baltimore Orioles","793,229","9,793",26.7,28.1,101,103,0,1,7,"$42,075,000","3:06","Hyde",2021,10,1,"10%"
"Boston Red Sox","1,725,323","21,300",28,29.7,107,108,0,5,11,"$156,095,000","3:17","Cora",2021,10,6,"60%"
"Chicago Cubs","1,978,934","24,431",29.1,29.4,99,100,0,2,11,"$144,413,500","3:16","Ross",2021,18,9,"50%"
"Chicago White Sox","1,596,385","19,708",28.1,28.3,102,101,0,4,13,"$115,546,333","3:09","La Russa",2021,9,7,"77%"
"Cincinnati Reds","1,505,024","18,581",28.9,28.9,110,111,0,2,13,"$116,784,881","3:14","Bell",2021,13,10,"76%"
"Cleveland Indians","1,114,368","13,758",26.7,26.3,100,99,0,2,6,"$50,425,500","3:04","Francona",2021,11,8,"72%"
"Colorado Rockies","1,938,645","23,934",28.1,28.3,113,114,0,1,7,"$92,675,000","3:12","Black",2021,16,9,"56%"
"Detroit Tigers","1,102,621","13,613",28.1,27.3,97,98,0,1,10,"$78,590,500","3:06","Hinch",2021,12,7,"58%"
"Houston Astros","2,068,509","25,537",28.9,28.7,101,99,0,4,13,"$190,400,000","3:19","Baker",2021,12,4,"33%"
"Kansas City Royals","1,159,613","14,316",29.3,27.9,103,105,0,2,9,"$86,820,000","3:08","Matheny",2021,17,6,"35%"
"Los Angeles Angels","1,515,689","18,484",29.1,28.6,103,103,0,3,13,"$188,408,595","3:12","Maddon",2021,20,6,"30%"
"Los Angeles Dodgers","2,804,693","34,626",29.2,28.8,103,100,0,5,22,"$248,108,334","3:18","Roberts",2021,22,12,"54%"
"Miami Marlins","642,617","7,934",28.2,27.3,99,100,0,1,10,"$33,150,000","3:11","Mattingly",2021,16,2,"12%"
"Milwaukee Brewers","1,824,282","22,522",28.7,28.1,99,98,0,5,15,"$85,517,626","3:16","Counsell",2021,7,5,"71%"
"Minnesota Twins","1,310,199","16,175",28.3,29.8,98,98,0,2,12,"$120,158,333","3:10","Baldelli",2021,21,9,"42%"
"New York Mets","1,511,926","18,666",28.2,29.5,96,95,0,2,15,"$184,675,167","3:09","Rojas",2021,14,5,"35%"
"New York Yankees","1,959,854","24,196",29.3,29.3,100,99,0,3,17,"$209,799,047","3:16","Boone",2021,10,3,"30%"
"Oakland Athletics","701,430","8,660",30.1,30.1,95,95,0,2,12,"$94,555,834","3:08","Melvin",2021,10,1,"10%"
"Philadelphia Phillies","1,515,890","18,715",29.1,28.8,99,99,0,2,15,"$185,286,962","3:17","Girardi",2021,15,5,"33%"
"Pittsburgh Pirates","859,498","10,611",27.5,27.4,99,101,0,2,9,"$50,255,000","3:11","Shelton",2021,15,8,"53%"
"San Diego Padres","2,191,950","27,061",28,29.6,92,92,0,5,14,"$154,984,286","3:18","Tingler",2021,19,10,"52%"
"Seattle Mariners","1,215,985","15,012",27,28,95,95,0,1,9,"$64,605,500","3:12","Servais",2021,10,4,"40%"
"San Francisco Giants","1,679,484","20,734",30.6,29.7,98,98,0,3,15,"$150,863,778","3:12","Kapler",2021,19,12,"63%"
"St. Louis Cardinals","2,102,530","25,957",28.5,30.1,94,93,0,3,13,"$155,329,667","3:10","Shildt",2021,11,6,"54%"
"Tampa Bay Rays","761,072","9,396",27.7,28.8,94,93,0,3,14,"$52,937,166","3:07","Cash",2021,17,7,"41%"
"Texas Rangers","2,110,258","26,053",26.8,27.8,100,102,0,3,8,"$67,890,999","3:05","Woodward",2021,20,9,"45%"
"Toronto Blue Jays","805,901","10,074",26.8,29.1,104,103,0,4,19,"$121,694,071","3:04","Montoyo",2021,25,9,"36%"
"Washington Nationals","1,465,543","18,093",28.6,30.1,95,96,0,4,19,"$172,370,147","3:13","Martinez",2021,14,7,"50%"
"Arizona Diamondbacks","1,605,199","19,817",26.5,30,99,99,0,1,9,"$78,860,000","3:06","Lovullo",2022,40,19,"47%"
"Atlanta Braves","3,129,931","38,641",27.5,30,104,101,0,6,20,"$181,075,000","3:07","Snitker",2022,37,21,"56%"
"Baltimore Orioles","1,368,367","16,893",27,27.7,99,100,0,1,10,"$48,000,000","3:08","Hyde",2022,45,23,"51%"
"Boston Red Sox","2,625,089","32,409",28.8,30.2,108,108,0,3,14,"$188,420,000","3:11","Cora",2022,18,8,"44%"
"Chicago Cubs","2,616,780","32,306",27.9,29.5,103,103,0,2,8,"$131,085,000","3:06","Ross",2022,47,19,"40%"
"Chicago White Sox","2,009,359","24,807",29.3,29.6,102,102,0,2,13,"$167,458,334","3:08","La Russa and Cairo",2022,26,12,"46%"
"Cincinnati Reds","1,395,770","17,232",29.4,27.9,107,107,0,1,7,"$111,882,381","3:06","Bell",2022,37,18,"48%"
"Cleveland Guardians","1,295,870","15,998",25.9,26.3,98,97,0,3,6,"$65,960,000","3:01","Francona",2022,39,23,"58%"
"Colorado Rockies","2,597,428","32,067",29,29.1,112,114,0,1,9,"$112,605,000","3:05","Black",2022,28,14,"50%"
"Detroit Tigers","1,575,544","19,214",27.9,27.5,99,100,0,2,11,"$117,740,000","2:58","Hinch",2022,44,23,"52%"
"Houston Astros","2,688,998","33,198",29.3,29.4,100,98,0,5,13,"$164,789,600","3:06","Baker",2022,29,16,"55%"
"Kansas City Royals","1,277,686","15,774",27.1,27.3,103,105,0,1,7,"$87,410,000","3:03","Matheny",2022,42,23,"54%"
"Los Angeles Angels","2,457,461","30,339",28,27.4,103,103,0,2,7,"$167,063,095","3:07","Maddon and Nevin",2022,42,16,"38%"
"Los Angeles Dodgers","3,861,408","47,672",29.6,28.8,102,99,0,6,18,"$261,180,131","3:08","Roberts",2022,33,12,"36%"
"Miami Marlins","907,487","11,204",28.9,27.6,100,101,0,3,10,"$68,200,000","3:06","Mattingly",2022,36,17,"47%"
"Milwaukee Brewers","2,422,420","29,906",29.1,28.6,100,99,0,3,11,"$128,421,127","3:11","Counsell",2022,33,19,"57%"
"Minnesota Twins","1,801,128","22,236",26.9,28.9,100,100,0,2,12,"$110,792,857","3:07","Baldelli",2022,51,26,"50%"
"New York Mets","2,564,737","31,663",29.7,31.2,96,95,0,4,15,"$240,473,333","3:10","Showalter",2022,33,26,"78%"
"New York Yankees","3,136,207","38,719",30.3,29.2,102,101,0,6,17,"$238,950,714","3:13","Boone",2022,33,19,"57%"
"Oakland Athletics","787,902","9,849",28.3,28,94,95,0,1,5,"$50,248,334","3:02","Kotsay",2022,34,15,"44%"
"Philadelphia Phillies","2,276,736","28,108",28.2,29.2,99,98,0,2,18,"$209,488,461","3:11","Girardi and Thomson",2022,42,18,"42%"
"Pittsburgh Pirates","1,257,458","15,524",26.3,27.3,99,100,0,1,5,"$37,925,000","3:04","Shelton",2022,31,14,"45%"
"San Diego Padres","2,987,470","36,882",28.2,30.3,94,93,0,3,16,"$192,600,824","3:13","Melvin",2022,36,19,"52%"
"Seattle Mariners","2,287,267","28,238",27.6,27.9,95,95,0,2,15,"$78,285,000","3:06","Servais",2022,19,9,"47%"
"San Francisco Giants","2,482,686","30,650",30,29.1,98,97,0,2,12,"$147,929,667","3:08","Kapler",2022,31,14,"45%"
"St. Louis Cardinals","3,320,551","40,994",28.8,29.4,97,96,0,5,10,"$156,814,666","3:08","Marmol",2022,35,21,"60%"
"Tampa Bay Rays","1,128,127","13,927",27,29.1,96,94,0,1,10,"$73,004,211","3:03","Cash",2022,42,20,"47%"
"Texas Rangers","2,011,361","24,832",28,28.3,102,102,0,2,10,"$120,176,667","3:05","Woodward and Beasley",2022,49,17,"34%"
"Toronto Blue Jays","2,653,830","32,763",27.1,29.7,99,99,0,6,18,"$172,705,857","3:06","Montoyo and Schneider",2022,48,21,"43%"
"Washington Nationals","2,026,401","25,017",28.7,29.7,95,97,0,1,13,"$125,051,666","3:07","Martinez",2022,30,13,"43%"
"Arizona Diamondbacks","1,961,182","24,212",27.4,28.5,100,100,0,4,8,"$115,247,571","2:43","Lovullo",2023,39,26,"66%"
"Atlanta Braves","3,191,505","39,401",27.9,29.9,101,99,0,8,16,"$194,197,500","2:42","Snitker",2023,25,14,"56%"
"Baltimore Orioles","1,936,798","23,911",27.2,28.4,96,95,0,4,13,"$82,758,114","2:47","Hyde",2023,41,17,"41%"
"Boston Red Sox","2,672,130","32,989",28.6,30,106,106,0,1,9,"$181,282,500","2:45","Cora",2023,19,10,"52%"
"Chicago Cubs","2,775,149","34,261",28.4,29.6,97,97,0,3,10,"$162,918,250","2:43","Ross",2023,46,20,"43%"
"Chicago White Sox","1,669,628","20,613",27.9,29.2,101,103,0,1,11,"$140,725,951","2:41","Grifol",2023,40,16,"40%"
"Cincinnati Reds","2,038,302","25,164",26.8,27.7,105,106,0,1,5,"$77,877,833","2:47","Bell",2023,53,21,"39%"
"Cleveland Guardians","1,834,068","22,643",26.7,26.1,100,99,0,2,13,"$70,114,729","2:39","Francona",2023,41,23,"56%"
"Colorado Rockies","2,607,935","32,197",28.2,29.7,111,113,0,1,9,"$155,645,682","2:41","Black",2023,38,19,"50%"
"Detroit Tigers","1,612,876","19,912",27.4,27.7,100,101,0,1,7,"$119,236,836","2:38","Hinch",2023,37,12,"32%"
"Houston Astros","3,052,347","37,683",28.8,29.2,100,99,0,3,9,"$240,388,766","2:45","Baker",2023,28,18,"64%"
"Kansas City Royals","1,307,052","16,136",26.3,29.1,103,104,0,1,6,"$88,186,975","2:38","Quatraro",2023,33,21,"63%"
"Los Angeles Angels","2,640,575","32,600",28.6,28,103,104,0,3,14,"$218,537,055","2:44","Nevin",2023,28,6,"21%"
"Los Angeles Dodgers","3,837,079","47,371",30.9,28.1,100,98,0,5,12,"$227,091,667","2:43","Roberts",2023,39,19,"48%"
"Miami Marlins","1,162,819","14,356",29.4,27.6,106,107,0,2,16,"$114,351,500","2:38","Schumaker",2023,29,21,"72%"
"Milwaukee Brewers","2,551,347","31,498",27.7,29.3,99,98,0,2,11,"$138,288,760","2:40","Counsell",2023,29,14,"48%"
"Minnesota Twins","1,974,124","24,372",28.5,29,102,102,0,2,9,"$137,798,640","2:42","Baldelli",2023,34,16,"47%"
"New York Mets","2,573,555","31,772",28.9,31.9,96,95,0,2,13,"$208,427,344","2:45","Showalter",2023,27,10,"37%"
"New York Yankees","3,269,016","40,358",28.5,29.1,102,101,0,2,12,"$259,417,008","2:42","Boone",2023,30,18,"60%"
"Oakland Athletics","832,352","10,276",27.1,28,95,98,0,1,6,"$51,230,000","2:44","Kotsay",2023,39,19,"48%"
"Philadelphia Phillies","3,052,605","37,686",28.4,29.8,99,98,0,2,17,"$241,362,606","2:44","Thomson",2023,36,18,"50%"
"Pittsburgh Pirates","1,630,624","20,131",27.3,27.6,101,102,0,2,5,"$72,407,500","2:40","Shelton",2023,41,17,"41%"
"San Diego Padres","3,271,554","40,390",28.4,30.7,97,96,0,2,18,"$236,200,139","2:46","Melvin",2023,39,17,"43%"
"Seattle Mariners","2,690,418","33,215",27.8,27.4,93,92,0,3,11,"$128,155,663","2:43","Servais",2023,35,16,"45%"
"San Francisco Giants","2,500,153","30,866",28.5,30,95,95,0,2,13,"$177,920,416","2:39","Kapler and Correa",2023,46,26,"56%"
"St. Louis Cardinals","3,241,091","40,013",27.5,29.7,100,100,0,1,7,"$174,086,450","2:43","Marmol",2023,46,24,"52%"
"Tampa Bay Rays","1,440,301","17,781",26.8,28.5,99,98,0,4,9,"$75,441,212","2:38","Cash",2023,55,26,"47%"
"Texas Rangers","2,533,044","31,272",28.3,30.4,100,100,0,6,12,"$248,537,867","2:40","Bochy",2023,29,11,"37%"
"Toronto Blue Jays","3,021,904","37,307",28.8,30.6,100,100,0,5,16,"$211,190,269","2:45","Schneider",2023,52,18,"34%"
"Washington Nationals","1,865,832","23,035",26.8,28,95,97,0,1,5,"$99,211,578","2:41","Martinez",2023,29,22,"75%"
"Arizona Diamondbacks","2,341,876","28,912",28.6,28.6,101,101,0,1,9,"$161,660,152","2:44","Lovullo",2024,27,16,"59%"
"Atlanta Braves","3,011,755","37,182",29.3,31.5,101,100,0,4,18,"$241,662,300","2:35","Snitker",2024,26,15,"57%"
"Baltimore Orioles","2,281,129","28,162",26.9,29.6,94,93,0,5,13,"$117,347,715","2:43","Hyde",2024,42,22,"52%"
"Boston Red Sox","2,659,949","32,839",27.3,29.5,107,106,0,3,6,"$160,834,775","2:42","Cora",2024,24,17,"70%"
"Chicago Cubs","2,909,794","35,923",27.8,29.2,97,96,0,1,9,"$223,048,500","2:38","Counsell",2024,38,23,"60%"
"Chicago White Sox","1,380,733","17,046",27.8,27.7,99,102,0,1,5,"$137,170,125","2:36","Grifol and Sizemore",2024,21,8,"38%"
"Cincinnati Reds","2,024,178","24,990",27.1,29.1,106,106,0,2,5,"$98,323,334","2:37","Bell and Benavides",2024,41,19,"46%"
"Cleveland Guardians","2,056,264","25,703",26.1,27.7,101,101,0,5,8,"$94,230,728","2:36","Vogt",2024,46,25,"54%"
"Colorado Rockies","2,540,195","31,360",27.9,28.2,108,111,0,1,5,"$147,069,963","2:39","Black",2024,32,20,"62%"
"Detroit Tigers","1,858,295","22,942",26.7,27.9,101,101,0,2,4,"$105,584,833","2:34","Hinch",2024,23,11,"47%"
"Houston Astros","2,835,234","35,003",28.8,29.6,99,98,0,3,12,"$275,678,766","2:39","Espada",2024,34,21,"61%"
"Kansas City Royals","1,658,347","20,473",28,29.1,104,105,0,4,9,"$113,442,261","2:32","Quatraro",2024,35,22,"62%"
"Los Angeles Angels","2,577,597","31,822",27.3,28.9,102,104,0,1,7,"$165,637,050","2:37","Washington",2024,32,17,"53%"
"Los Angeles Dodgers","3,941,251","48,657",30.3,29.7,95,93,0,6,12,"$262,386,278","2:41","Roberts",2024,36,19,"52%"
"Miami Marlins","1,087,455","13,425",27.2,27,107,109,0,1,7,"$109,992,600","2:38","Schumaker",2024,38,22,"57%"
"Milwaukee Brewers","2,537,202","31,323",26.4,29,102,101,0,2,7,"$115,142,460","2:41","Murphy",2024,36,20,"55%"
"Minnesota Twins","1,951,616","24,094",28.7,27.9,104,103,0,2,5,"$135,262,591","2:38","Baldelli",2024,32,17,"53%"
"New York Mets","2,329,299","28,757",30,31,95,95,0,1,16,"$262,702,250","2:44","Mendoza",2024,42,21,"50%"
"New York Yankees","3,309,838","40,862",28,30.1,102,102,0,3,13,"$291,463,084","2:49","Boone",2024,31,22,"70%"
"Oakland Athletics","922,286","11,386",26.5,28.4,96,98,0,1,6,"$55,690,000","2:35","Kotsay",2024,44,20,"45%"
"Philadelphia Phillies","3,363,712","41,527",29.1,29.5,99,98,0,8,18,"$248,632,283","2:41","Thomson",2024,47,29,"61%"
"Pittsburgh Pirates","1,720,361","21,239",28.6,27.4,101,101,0,2,8,"$97,476,500","2:39","Shelton",2024,36,22,"61%"
"San Diego Padres","3,330,545","41,118",29,28.8,100,99,0,5,13,"$159,391,555","2:41","Shildt",2024,28,14,"50%"
"Seattle Mariners","2,555,813","31,553",28.9,27.7,92,91,0,2,10,"$142,547,548","2:37","Servais and Wilson",2024,31,19,"61%"
"San Francisco Giants","2,647,736","32,688",28.7,27.3,93,93,0,2,9,"$232,370,883","2:36","Melvin",2024,45,23,"51%"
"St. Louis Cardinals","2,878,115","35,532",27.7,30.8,100,101,0,1,11,"$189,534,400","2:39","Marmol",2024,33,14,"42%"
"Tampa Bay Rays","1,337,739","16,515",27.2,28.3,99,99,0,1,5,"$128,533,112","2:37","Cash",2024,35,19,"54%"
"Texas Rangers","2,651,553","32,735",28.1,31.7,99,98,0,3,12,"$261,471,834","2:38","Bochy",2024,35,19,"54%"
"Toronto Blue Jays","2,681,236","33,102",28.1,30.5,100,100,0,1,12,"$225,628,287","2:40","Schneider",2024,36,21,"58%"
"Washington Nationals","1,967,302","24,288",26.4,28.9,96,97,0,2,7,"$132,086,867","2:37","Martinez",2024,28,11,"39%"
